date,company,offer,channel,segment,price,base_price,discount_rate,marketing_spend,competitor_price_index,holiday_flag,units_sold,unit_cost,fixed_cost,is_synthetic
2025-01-06,雜草町,手捏陶體驗,online,新客,923.93,1080.0,0.145,9581.57,0.893,0,34,411.52,27000.0,True
2025-01-13,雜草町,羊毛氈課程,store,新客,1319.93,1320.0,0.0,13112.3,1.003,0,29,498.26,33000.0,True
2025-01-20,雜草町,金工入門,event,新客,1212.51,1560.0,0.223,15378.57,1.042,0,46,612.24,39000.0,True
2025-01-27,雜草町,老宅夜間工藝,member,新客,1800.0,1800.0,0.0,28911.18,0.939,0,50,703.99,45000.0,True
2025-02-03,雜草町,手捏陶體驗,online,熟客,1075.38,1080.0,0.004,8859.55,0.916,1,34,423.88,27000.0,True
2025-02-10,雜草町,羊毛氈課程,store,熟客,1050.61,1320.0,0.204,14235.52,0.876,1,50,496.09,33000.0,True
2025-02-17,雜草町,金工入門,event,熟客,1427.25,1560.0,0.085,21425.72,0.915,1,48,610.1,39000.0,True
2025-02-24,雜草町,老宅夜間工藝,member,熟客,1523.91,1800.0,0.153,23454.9,1.084,1,58,680.53,45000.0,True
2025-03-03,雜草町,手捏陶體驗,online,親子,971.36,1080.0,0.101,10007.96,0.886,0,36,415.19,27000.0,True
2025-03-10,雜草町,羊毛氈課程,store,親子,1199.75,1320.0,0.091,12459.64,0.923,0,42,487.11,33000.0,True
2025-03-17,雜草町,金工入門,event,親子,1402.17,1560.0,0.101,19425.09,0.952,0,48,607.29,39000.0,True
2025-03-24,雜草町,老宅夜間工藝,member,親子,1717.34,1800.0,0.046,25662.47,0.928,0,41,703.16,45000.0,True
2025-03-31,雜草町,手捏陶體驗,online,年輕族群,1016.31,1080.0,0.059,6267.93,1.036,0,37,418.62,27000.0,True
2025-04-07,雜草町,羊毛氈課程,store,年輕族群,1050.66,1320.0,0.204,15973.95,0.856,0,54,488.3,33000.0,True
2025-04-14,雜草町,金工入門,event,年輕族群,1306.16,1560.0,0.163,16821.74,0.842,0,47,574.98,39000.0,True
2025-04-21,雜草町,老宅夜間工藝,member,年輕族群,1732.92,1800.0,0.037,23827.99,0.75,0,40,641.07,45000.0,True
2025-04-28,雜草町,手捏陶體驗,online,新客,940.04,1080.0,0.13,10915.38,1.124,0,39,400.31,27000.0,True
2025-05-05,雜草町,羊毛氈課程,store,新客,1196.16,1320.0,0.094,13946.95,0.755,0,45,491.99,33000.0,True
2025-05-12,雜草町,金工入門,event,新客,1270.34,1560.0,0.186,13906.05,0.965,0,49,568.19,39000.0,True
2025-05-19,雜草町,老宅夜間工藝,member,新客,1615.44,1800.0,0.103,22410.41,0.827,0,52,691.26,45000.0,True
2025-05-26,雜草町,手捏陶體驗,online,熟客,1069.86,1080.0,0.009,10866.38,0.893,0,37,395.29,27000.0,True
2025-06-02,雜草町,羊毛氈課程,store,熟客,1175.3,1320.0,0.11,14808.64,0.973,0,44,498.2,33000.0,True
2025-06-09,雜草町,金工入門,event,熟客,1484.41,1560.0,0.048,16236.72,0.951,0,41,577.68,39000.0,True
2025-06-16,雜草町,老宅夜間工藝,member,熟客,1613.33,1800.0,0.104,24665.95,0.931,0,50,632.23,45000.0,True
2025-06-23,雜草町,手捏陶體驗,online,親子,967.38,1080.0,0.104,12913.87,0.877,0,43,417.69,27000.0,True
2025-06-30,雜草町,羊毛氈課程,store,親子,1195.88,1320.0,0.094,13733.85,0.988,0,40,494.57,33000.0,True
2025-07-07,雜草町,金工入門,event,親子,1273.95,1560.0,0.183,20401.29,0.967,1,55,591.4,39000.0,True
2025-07-14,雜草町,老宅夜間工藝,member,親子,1800.0,1800.0,0.0,25712.83,0.846,1,48,717.64,45000.0,True
2025-07-21,雜草町,手捏陶體驗,online,年輕族群,925.01,1080.0,0.144,9848.0,0.923,1,51,422.07,27000.0,True
2025-07-28,雜草町,羊毛氈課程,store,年輕族群,1245.38,1320.0,0.057,9613.95,0.953,1,36,487.68,33000.0,True
2025-08-04,雜草町,金工入門,event,年輕族群,1378.38,1560.0,0.116,18591.58,0.939,1,48,587.27,39000.0,True
2025-08-11,雜草町,老宅夜間工藝,member,年輕族群,1720.66,1800.0,0.044,23296.94,0.992,1,44,663.64,45000.0,True
2025-08-18,雜草町,手捏陶體驗,online,新客,875.33,1080.0,0.19,10758.98,0.921,1,49,411.31,27000.0,True
2025-08-25,雜草町,羊毛氈課程,store,新客,1172.53,1320.0,0.112,15465.01,0.929,1,49,505.89,33000.0,True
2025-09-01,雜草町,金工入門,event,新客,1475.58,1560.0,0.054,16800.39,1.013,0,43,579.54,39000.0,True
2025-09-08,雜草町,老宅夜間工藝,member,新客,1645.73,1800.0,0.086,20851.79,0.948,0,40,639.27,45000.0,True
2025-09-15,雜草町,手捏陶體驗,online,熟客,975.42,1080.0,0.097,9443.92,0.899,0,37,404.05,27000.0,True
2025-09-22,雜草町,羊毛氈課程,store,熟客,1098.27,1320.0,0.168,13386.38,0.93,0,47,497.56,33000.0,True
2025-09-29,雜草町,金工入門,event,熟客,1404.08,1560.0,0.1,17796.41,0.885,0,47,595.76,39000.0,True
2025-10-06,雜草町,老宅夜間工藝,member,熟客,1438.81,1800.0,0.201,19732.3,0.867,0,53,677.61,45000.0,True
2025-01-06,雜草町,手捏陶體驗,online,親子,976.78,1080.0,0.096,8629.72,1.039,0,39,382.81,27000.0,True
2025-01-13,雜草町,羊毛氈課程,store,親子,1320.0,1320.0,0.0,15629.15,1.004,0,39,529.79,33000.0,True
2025-01-20,雜草町,金工入門,event,親子,1253.14,1560.0,0.197,18825.66,0.984,0,48,612.7,39000.0,True
2025-01-27,雜草町,老宅夜間工藝,member,親子,1514.9,1800.0,0.158,17961.35,1.06,0,47,693.05,45000.0,True
2025-02-03,雜草町,手捏陶體驗,online,年輕族群,1014.63,1080.0,0.061,7170.64,0.962,1,39,412.13,27000.0,True
2025-02-10,雜草町,羊毛氈課程,store,年輕族群,1161.29,1320.0,0.12,12733.87,0.897,1,48,516.0,33000.0,True
2025-02-17,雜草町,金工入門,event,年輕族群,1560.0,1560.0,0.0,13935.75,0.944,1,39,590.31,39000.0,True
2025-02-24,雜草町,老宅夜間工藝,member,年輕族群,1628.71,1800.0,0.095,25268.07,0.881,1,54,679.26,45000.0,True
2025-03-03,雜草町,手捏陶體驗,online,新客,1080.0,1080.0,0.0,5831.86,0.933,0,32,405.07,27000.0,True
2025-03-10,雜草町,羊毛氈課程,store,新客,1125.75,1320.0,0.147,13608.77,0.973,0,52,486.78,33000.0,True
2025-03-17,雜草町,金工入門,event,新客,1396.43,1560.0,0.105,19699.38,0.884,0,46,593.19,39000.0,True
2025-03-24,雜草町,老宅夜間工藝,member,新客,1428.98,1800.0,0.206,22391.72,0.928,0,58,700.9,45000.0,True
2025-03-31,雜草町,手捏陶體驗,online,熟客,1021.4,1080.0,0.054,9868.71,0.954,0,37,420.11,27000.0,True
2025-04-07,雜草町,羊毛氈課程,store,熟客,1189.25,1320.0,0.099,12375.91,0.882,0,41,511.16,33000.0,True
2025-04-14,雜草町,金工入門,event,熟客,1560.0,1560.0,0.0,17625.42,1.138,0,40,591.76,39000.0,True
2025-04-21,雜草町,老宅夜間工藝,member,熟客,1684.01,1800.0,0.064,21023.73,1.003,0,42,682.61,45000.0,True
2025-04-28,雜草町,手捏陶體驗,online,親子,966.39,1080.0,0.105,9143.53,1.07,0,39,422.08,27000.0,True
2025-05-05,雜草町,羊毛氈課程,store,親子,1117.21,1320.0,0.154,14539.86,0.75,0,43,502.19,33000.0,True
2025-05-12,雜草町,金工入門,event,親子,1235.24,1560.0,0.208,13788.27,1.029,0,47,616.48,39000.0,True
2025-05-19,雜草町,老宅夜間工藝,member,親子,1773.25,1800.0,0.015,15714.2,1.029,0,36,680.26,45000.0,True
2025-05-26,雜草町,手捏陶體驗,online,年輕族群,878.52,1080.0,0.187,12068.38,0.826,0,42,428.9,27000.0,True
2025-06-02,雜草町,羊毛氈課程,store,年輕族群,1088.94,1320.0,0.175,13716.61,0.91,0,46,504.43,33000.0,True
2025-06-09,雜草町,金工入門,event,年輕族群,1453.51,1560.0,0.068,21540.8,1.087,0,45,605.03,39000.0,True
2025-06-16,雜草町,老宅夜間工藝,member,年輕族群,1672.16,1800.0,0.071,21609.41,0.913,0,44,684.75,45000.0,True
2025-06-23,雜草町,手捏陶體驗,online,新客,1073.35,1080.0,0.006,7017.11,0.892,0,37,415.51,27000.0,True
2025-06-30,雜草町,羊毛氈課程,store,新客,1192.96,1320.0,0.096,14985.58,0.956,0,47,519.54,33000.0,True
2025-07-07,雜草町,金工入門,event,新客,1319.7,1560.0,0.154,17088.1,1.029,1,52,614.7,39000.0,True
2025-07-14,雜草町,老宅夜間工藝,member,新客,1789.22,1800.0,0.006,21969.18,0.971,1,50,692.3,45000.0,True
2025-07-21,雜草町,手捏陶體驗,online,熟客,865.34,1080.0,0.199,7606.66,0.915,1,44,420.19,27000.0,True
2025-07-28,雜草町,羊毛氈課程,store,熟客,1048.01,1320.0,0.206,11581.47,0.89,1,56,490.12,33000.0,True
2025-08-04,雜草町,金工入門,event,熟客,1464.09,1560.0,0.061,21700.28,1.095,1,47,580.81,39000.0,True
2025-08-11,雜草町,老宅夜間工藝,member,熟客,1559.92,1800.0,0.133,22574.76,1.016,1,54,674.31,45000.0,True
2025-08-18,雜草町,手捏陶體驗,online,親子,1006.78,1080.0,0.068,5935.83,0.954,1,32,404.62,27000.0,True
2025-08-25,雜草町,羊毛氈課程,store,親子,1310.44,1320.0,0.007,15682.36,1.019,1,42,493.06,33000.0,True
2025-09-01,雜草町,金工入門,event,親子,1498.98,1560.0,0.039,18393.31,0.75,0,42,548.04,39000.0,True
2025-09-08,雜草町,老宅夜間工藝,member,親子,1701.38,1800.0,0.055,27860.04,0.858,0,45,689.17,45000.0,True
2025-09-15,雜草町,手捏陶體驗,online,年輕族群,867.81,1080.0,0.196,10951.62,1.003,0,41,422.14,27000.0,True
2025-09-22,雜草町,羊毛氈課程,store,年輕族群,1320.0,1320.0,0.0,17456.53,1.029,0,44,501.04,33000.0,True
2025-09-29,雜草町,金工入門,event,年輕族群,1412.65,1560.0,0.094,21076.04,0.931,0,48,596.9,39000.0,True
2025-10-06,雜草町,老宅夜間工藝,member,年輕族群,1643.87,1800.0,0.087,25401.98,0.908,0,50,642.61,45000.0,True
2025-01-06,雜草町,手捏陶體驗,online,新客,961.96,1080.0,0.109,7995.6,0.983,0,41,396.04,27000.0,True
2025-01-13,雜草町,羊毛氈課程,store,新客,1052.3,1320.0,0.203,14760.49,0.859,0,47,497.87,33000.0,True
2025-01-20,雜草町,金工入門,event,新客,1294.18,1560.0,0.17,14656.83,0.949,0,40,614.04,39000.0,True
2025-01-27,雜草町,老宅夜間工藝,member,新客,1800.0,1800.0,0.0,19888.06,1.022,0,38,691.21,45000.0,True
2025-02-03,雜草町,手捏陶體驗,online,熟客,863.09,1080.0,0.201,6618.75,0.854,1,42,420.05,27000.0,True
2025-02-10,雜草町,羊毛氈課程,store,熟客,1317.8,1320.0,0.002,14872.81,1.007,1,37,500.8,33000.0,True
2025-02-17,雜草町,金工入門,event,熟客,1532.8,1560.0,0.017,21693.67,0.968,1,49,566.96,39000.0,True
2025-02-24,雜草町,老宅夜間工藝,member,熟客,1800.0,1800.0,0.0,24789.36,0.835,1,52,713.53,45000.0,True
2025-03-03,雜草町,手捏陶體驗,online,親子,970.79,1080.0,0.101,9395.36,0.798,0,41,410.21,27000.0,True
2025-03-10,雜草町,羊毛氈課程,store,親子,1300.0,1320.0,0.015,13398.25,0.985,0,32,505.93,33000.0,True
2025-03-17,雜草町,金工入門,event,親子,1263.3,1560.0,0.19,20715.34,0.929,0,50,569.95,39000.0,True
2025-03-24,雜草町,老宅夜間工藝,member,親子,1640.31,1800.0,0.089,22677.09,0.977,0,46,688.33,45000.0,True
2025-03-31,雜草町,手捏陶體驗,online,年輕族群,1073.47,1080.0,0.006,5634.14,1.043,0,27,413.38,27000.0,True
2025-04-07,雜草町,羊毛氈課程,store,年輕族群,1320.0,1320.0,0.0,7737.56,0.863,0,32,492.99,33000.0,True
2025-04-14,雜草町,金工入門,event,年輕族群,1329.89,1560.0,0.148,15526.74,1.055,0,41,567.66,39000.0,True
2025-04-21,雜草町,老宅夜間工藝,member,年輕族群,1484.74,1800.0,0.175,19705.1,0.925,0,44,708.01,45000.0,True
2025-04-28,雜草町,手捏陶體驗,online,新客,1004.37,1080.0,0.07,6982.67,1.054,0,33,421.07,27000.0,True
2025-05-05,雜草町,羊毛氈課程,store,新客,1127.98,1320.0,0.145,18251.5,0.965,0,50,488.46,33000.0,True
2025-05-12,雜草町,金工入門,event,新客,1341.95,1560.0,0.14,19458.34,1.008,0,50,581.48,39000.0,True
2025-05-19,雜草町,老宅夜間工藝,member,新客,1796.78,1800.0,0.002,18556.51,0.844,0,40,674.84,45000.0,True
2025-05-26,雜草町,手捏陶體驗,online,熟客,1080.0,1080.0,0.0,11176.69,0.915,0,42,424.01,27000.0,True
2025-06-02,雜草町,羊毛氈課程,store,熟客,1198.81,1320.0,0.092,15309.41,0.77,0,41,510.6,33000.0,True
2025-06-09,雜草町,金工入門,event,熟客,1493.1,1560.0,0.043,17845.75,1.034,0,41,586.1,39000.0,True
2025-06-16,雜草町,老宅夜間工藝,member,熟客,1434.51,1800.0,0.203,27486.45,1.112,0,54,679.58,45000.0,True
2025-06-23,雜草町,手捏陶體驗,online,親子,976.38,1080.0,0.096,11842.83,0.891,0,35,408.56,27000.0,True
2025-06-30,雜草町,羊毛氈課程,store,親子,1293.82,1320.0,0.02,14100.79,0.842,0,35,518.39,33000.0,True
2025-07-07,雜草町,金工入門,event,親子,1324.14,1560.0,0.151,14985.25,0.992,1,43,613.37,39000.0,True
2025-07-14,雜草町,老宅夜間工藝,member,親子,1460.0,1800.0,0.189,21335.27,0.9,1,55,688.69,45000.0,True
2025-07-21,雜草町,手捏陶體驗,online,年輕族群,923.52,1080.0,0.145,9993.89,1.074,1,45,396.2,27000.0,True
2025-07-28,雜草町,羊毛氈課程,store,年輕族群,1070.21,1320.0,0.189,13846.13,0.844,1,48,499.35,33000.0,True
2025-08-04,雜草町,金工入門,event,年輕族群,1309.79,1560.0,0.16,18438.73,0.941,1,57,599.64,39000.0,True
2025-08-11,雜草町,老宅夜間工藝,member,年輕族群,1542.03,1800.0,0.143,22385.68,0.948,1,52,678.65,45000.0,True
2025-08-18,雜草町,手捏陶體驗,online,新客,966.42,1080.0,0.105,9995.97,0.963,1,43,410.39,27000.0,True
2025-08-25,雜草町,羊毛氈課程,store,新客,1051.04,1320.0,0.204,9716.06,0.992,1,45,504.2,33000.0,True
2025-09-01,雜草町,金工入門,event,新客,1397.18,1560.0,0.104,23239.62,1.033,0,45,576.35,39000.0,True
2025-09-08,雜草町,老宅夜間工藝,member,新客,1710.67,1800.0,0.05,23928.92,0.827,0,43,668.43,45000.0,True
2025-09-15,雜草町,手捏陶體驗,online,熟客,1062.09,1080.0,0.017,12672.83,0.916,0,29,414.67,27000.0,True
2025-09-22,雜草町,羊毛氈課程,store,熟客,1114.35,1320.0,0.156,15047.21,0.933,0,52,496.35,33000.0,True
2025-09-29,雜草町,金工入門,event,熟客,1558.76,1560.0,0.001,20132.28,0.882,0,37,608.46,39000.0,True
2025-10-06,雜草町,老宅夜間工藝,member,熟客,1788.79,1800.0,0.006,22351.24,0.939,0,44,679.53,45000.0,True
2025-01-06,雜草町,手捏陶體驗,online,親子,1080.0,1080.0,0.0,4471.34,0.935,0,39,402.47,27000.0,True
2025-01-13,雜草町,羊毛氈課程,store,親子,1080.37,1320.0,0.182,13732.73,0.868,0,44,495.21,33000.0,True
2025-01-20,雜草町,金工入門,event,親子,1258.43,1560.0,0.193,17521.08,0.891,0,43,585.01,39000.0,True
2025-01-27,雜草町,老宅夜間工藝,member,親子,1527.6,1800.0,0.151,22743.26,0.92,0,44,692.16,45000.0,True
2025-02-03,雜草町,手捏陶體驗,online,年輕族群,1080.0,1080.0,0.0,7499.61,0.889,1,32,401.78,27000.0,True
2025-02-10,雜草町,羊毛氈課程,store,年輕族群,1247.18,1320.0,0.055,11522.09,0.9,1,41,506.96,33000.0,True
2025-02-17,雜草町,金工入門,event,年輕族群,1321.38,1560.0,0.153,20933.32,1.054,1,52,590.36,39000.0,True
2025-02-24,雜草町,老宅夜間工藝,member,年輕族群,1422.98,1800.0,0.209,22581.66,0.932,1,63,684.55,45000.0,True
2025-03-03,雜草町,手捏陶體驗,online,新客,924.31,1080.0,0.144,11246.01,0.92,0,41,399.05,27000.0,True
2025-03-10,雜草町,羊毛氈課程,store,新客,1107.31,1320.0,0.161,16924.14,1.035,0,45,507.29,33000.0,True
2025-03-17,雜草町,金工入門,event,新客,1220.74,1560.0,0.217,19071.32,1.062,0,55,552.48,39000.0,True
2025-03-24,雜草町,老宅夜間工藝,member,新客,1414.9,1800.0,0.214,23022.97,0.895,0,54,688.58,45000.0,True
2025-03-31,雜草町,手捏陶體驗,online,熟客,1023.11,1080.0,0.053,9846.69,0.938,0,35,417.27,27000.0,True
2025-04-07,雜草町,羊毛氈課程,store,熟客,1058.96,1320.0,0.198,16556.35,0.968,0,47,518.37,33000.0,True
2025-04-14,雜草町,金工入門,event,熟客,1412.71,1560.0,0.094,21490.41,0.917,0,45,613.21,39000.0,True
2025-04-21,雜草町,老宅夜間工藝,member,熟客,1703.95,1800.0,0.053,22938.55,0.961,0,42,701.76,45000.0,True
2025-04-28,雜草町,手捏陶體驗,online,親子,952.36,1080.0,0.118,9059.07,1.012,0,39,420.18,27000.0,True
2025-05-05,雜草町,羊毛氈課程,store,親子,1262.32,1320.0,0.044,11049.02,0.986,0,36,501.03,33000.0,True
2025-05-12,雜草町,金工入門,event,親子,1496.27,1560.0,0.041,18270.97,0.869,0,35,590.47,39000.0,True
2025-05-19,雜草町,老宅夜間工藝,member,親子,1542.22,1800.0,0.143,23601.16,0.957,0,59,674.66,45000.0,True
2025-05-26,雜草町,手捏陶體驗,online,年輕族群,1078.16,1080.0,0.002,10136.97,1.012,0,42,401.63,27000.0,True
2025-06-02,雜草町,羊毛氈課程,store,年輕族群,1107.65,1320.0,0.161,15360.59,0.804,0,48,493.0,33000.0,True
2025-06-09,雜草町,金工入門,event,年輕族群,1560.0,1560.0,0.0,16332.59,0.907,0,37,573.02,39000.0,True
2025-06-16,雜草町,老宅夜間工藝,member,年輕族群,1595.18,1800.0,0.114,21158.07,0.939,0,52,655.47,45000.0,True
2025-06-23,雜草町,手捏陶體驗,online,新客,872.32,1080.0,0.192,6652.38,0.929,0,40,395.98,27000.0,True
2025-06-30,雜草町,羊毛氈課程,store,新客,1249.74,1320.0,0.053,15118.39,1.082,0,42,487.77,33000.0,True
2025-07-07,雜草町,金工入門,event,新客,1494.57,1560.0,0.042,17398.23,0.896,1,39,591.49,39000.0,True
2025-07-14,雜草町,老宅夜間工藝,member,新客,1551.4,1800.0,0.138,22473.51,0.92,1,55,672.33,45000.0,True
2025-07-21,雜草町,手捏陶體驗,online,熟客,1022.3,1080.0,0.053,11987.56,0.75,1,38,420.95,27000.0,True
2025-07-28,雜草町,羊毛氈課程,store,熟客,1294.04,1320.0,0.02,17181.52,0.957,1,40,505.22,33000.0,True
2025-08-04,雜草町,金工入門,event,熟客,1482.62,1560.0,0.05,17117.9,0.777,1,44,614.37,39000.0,True
2025-08-11,雜草町,老宅夜間工藝,member,熟客,1710.06,1800.0,0.05,21654.35,0.876,1,46,678.85,45000.0,True
2025-08-18,雜草町,手捏陶體驗,online,親子,1032.48,1080.0,0.044,12281.75,1.005,1,30,419.45,27000.0,True
2025-08-25,雜草町,羊毛氈課程,store,親子,1054.03,1320.0,0.201,15401.47,0.89,1,48,508.97,33000.0,True
2025-09-01,雜草町,金工入門,event,親子,1293.84,1560.0,0.171,20698.89,0.877,0,51,576.12,39000.0,True
2025-09-08,雜草町,老宅夜間工藝,member,親子,1614.72,1800.0,0.103,22674.65,0.968,0,50,699.94,45000.0,True
2025-09-15,雜草町,手捏陶體驗,online,年輕族群,1045.66,1080.0,0.032,7603.69,0.877,0,31,396.36,27000.0,True
2025-09-22,雜草町,羊毛氈課程,store,年輕族群,1128.34,1320.0,0.145,13433.18,0.935,0,44,495.85,33000.0,True
2025-09-29,雜草町,金工入門,event,年輕族群,1324.01,1560.0,0.151,18241.24,0.807,0,46,601.35,39000.0,True
2025-10-06,雜草町,老宅夜間工藝,member,年輕族群,1473.58,1800.0,0.181,20285.04,1.045,0,45,683.28,45000.0,True
2025-01-06,雜草町,手捏陶體驗,online,新客,1042.97,1080.0,0.034,6676.21,0.961,0,36,418.38,27000.0,True
2025-01-13,雜草町,羊毛氈課程,store,新客,1126.71,1320.0,0.146,10949.44,0.933,0,39,502.79,33000.0,True
2025-01-20,雜草町,金工入門,event,新客,1406.88,1560.0,0.098,19793.15,0.979,0,46,620.59,39000.0,True
2025-01-27,雜草町,老宅夜間工藝,member,新客,1570.4,1800.0,0.128,23832.51,1.067,0,47,671.53,45000.0,True
2025-02-03,雜草町,手捏陶體驗,online,熟客,969.02,1080.0,0.103,10739.95,0.968,1,40,420.22,27000.0,True
2025-02-10,雜草町,羊毛氈課程,store,熟客,1065.6,1320.0,0.193,13637.98,1.064,1,50,515.76,33000.0,True
2025-02-17,雜草町,金工入門,event,熟客,1481.62,1560.0,0.05,21499.86,0.989,1,43,584.68,39000.0,True
2025-02-24,雜草町,老宅夜間工藝,member,熟客,1716.19,1800.0,0.047,20957.45,0.951,1,43,743.16,45000.0,True
2025-03-03,雜草町,手捏陶體驗,online,親子,1022.74,1080.0,0.053,5031.09,0.915,0,37,422.18,27000.0,True
2025-03-10,雜草町,羊毛氈課程,store,親子,1196.87,1320.0,0.093,11114.82,0.921,0,33,507.5,33000.0,True
2025-03-17,雜草町,金工入門,event,親子,1473.77,1560.0,0.055,22890.0,0.937,0,45,581.69,39000.0,True
2025-03-24,雜草町,老宅夜間工藝,member,親子,1412.94,1800.0,0.215,24329.46,0.899,0,61,653.47,45000.0,True
2025-03-31,雜草町,手捏陶體驗,online,年輕族群,1070.79,1080.0,0.009,8959.88,0.917,0,38,416.56,27000.0,True
2025-04-07,雜草町,羊毛氈課程,store,年輕族群,1320.0,1320.0,0.0,10431.84,0.986,0,31,494.95,33000.0,True
2025-04-14,雜草町,金工入門,event,年輕族群,1512.19,1560.0,0.031,19882.97,1.082,0,41,593.21,39000.0,True
2025-04-21,雜草町,老宅夜間工藝,member,年輕族群,1499.86,1800.0,0.167,19855.01,0.958,0,50,655.45,45000.0,True
2025-04-28,雜草町,手捏陶體驗,online,新客,872.02,1080.0,0.193,9796.9,0.786,0,50,405.9,27000.0,True
2025-05-05,雜草町,羊毛氈課程,store,新客,1109.02,1320.0,0.16,13226.37,0.942,0,44,497.79,33000.0,True
2025-05-12,雜草町,金工入門,event,新客,1495.5,1560.0,0.041,17373.23,0.995,0,42,565.64,39000.0,True
2025-05-19,雜草町,老宅夜間工藝,member,新客,1800.0,1800.0,0.0,20135.68,0.832,0,40,692.41,45000.0,True
2025-05-26,雜草町,手捏陶體驗,online,熟客,1034.15,1080.0,0.042,8742.72,0.939,0,36,405.29,27000.0,True
2025-06-02,雜草町,羊毛氈課程,store,熟客,1190.59,1320.0,0.098,16037.11,0.853,0,39,492.3,33000.0,True
2025-06-09,雜草町,金工入門,event,熟客,1560.0,1560.0,0.0,16430.43,0.984,0,35,593.08,39000.0,True
2025-06-16,雜草町,老宅夜間工藝,member,熟客,1696.66,1800.0,0.057,21561.27,0.89,0,48,675.31,45000.0,True
2025-06-23,雜草町,手捏陶體驗,online,親子,858.26,1080.0,0.205,9710.78,0.869,0,45,409.16,27000.0,True
2025-06-30,雜草町,羊毛氈課程,store,親子,1189.48,1320.0,0.099,11599.47,0.946,0,42,507.92,33000.0,True
2025-07-07,雜草町,金工入門,event,親子,1317.63,1560.0,0.155,21985.02,1.001,1,55,605.02,39000.0,True
2025-07-14,雜草町,老宅夜間工藝,member,親子,1436.14,1800.0,0.202,19927.59,0.82,1,62,670.16,45000.0,True
2025-07-21,雜草町,手捏陶體驗,online,年輕族群,833.88,1080.0,0.228,6792.33,1.002,1,46,413.31,27000.0,True
2025-07-28,雜草町,羊毛氈課程,store,年輕族群,1320.0,1320.0,0.0,18687.84,0.944,1,44,495.39,33000.0,True
2025-08-04,雜草町,金工入門,event,年輕族群,1463.62,1560.0,0.062,19652.82,0.969,1,43,570.55,39000.0,True
2025-08-11,雜草町,老宅夜間工藝,member,年輕族群,1611.6,1800.0,0.105,22926.91,1.036,1,58,701.8,45000.0,True
2025-08-18,雜草町,手捏陶體驗,online,新客,859.08,1080.0,0.205,7279.52,0.977,1,47,429.3,27000.0,True
2025-08-25,雜草町,羊毛氈課程,store,新客,1242.45,1320.0,0.059,12391.42,0.902,1,39,494.53,33000.0,True
2025-09-01,雜草町,金工入門,event,新客,1250.34,1560.0,0.198,14419.82,0.972,0,48,570.74,39000.0,True
2025-09-08,雜草町,老宅夜間工藝,member,新客,1602.16,1800.0,0.11,20239.3,1.127,0,45,659.7,45000.0,True
2025-09-15,雜草町,手捏陶體驗,online,熟客,962.53,1080.0,0.109,5773.74,0.988,0,39,403.52,27000.0,True
2025-09-22,雜草町,羊毛氈課程,store,熟客,1117.61,1320.0,0.153,15629.57,0.872,0,45,501.12,33000.0,True
2025-09-29,雜草町,金工入門,event,熟客,1319.7,1560.0,0.154,18865.88,1.036,0,47,592.51,39000.0,True
2025-10-06,雜草町,老宅夜間工藝,member,熟客,1708.43,1800.0,0.051,24453.85,0.882,0,51,712.92,45000.0,True
2025-01-06,雜草町,手捏陶體驗,online,親子,1066.89,1080.0,0.012,9520.23,0.991,0,34,403.76,27000.0,True
2025-01-13,雜草町,羊毛氈課程,store,親子,1175.23,1320.0,0.11,11246.57,0.97,0,34,519.68,33000.0,True
2025-01-20,雜草町,金工入門,event,親子,1234.84,1560.0,0.208,17595.44,0.962,0,54,595.2,39000.0,True
2025-01-27,雜草町,老宅夜間工藝,member,親子,1639.8,1800.0,0.089,24165.97,0.883,0,53,679.79,45000.0,True
2025-02-03,雜草町,手捏陶體驗,online,年輕族群,1080.0,1080.0,0.0,7181.49,1.016,1,38,433.57,27000.0,True
2025-02-10,雜草町,羊毛氈課程,store,年輕族群,1241.31,1320.0,0.06,11666.96,0.874,1,41,502.54,33000.0,True
2025-02-17,雜草町,金工入門,event,年輕族群,1560.0,1560.0,0.0,14477.14,0.926,1,42,593.14,39000.0,True
2025-02-24,雜草町,老宅夜間工藝,member,年輕族群,1402.81,1800.0,0.221,21484.32,1.102,1,55,681.86,45000.0,True
2025-03-03,雜草町,手捏陶體驗,online,新客,911.53,1080.0,0.156,10930.84,0.911,0,44,410.44,27000.0,True
2025-03-10,雜草町,羊毛氈課程,store,新客,1045.47,1320.0,0.208,,0.961,0,48,494.77,33000.0,True
2025-03-17,雜草町,金工入門,event,新客,1485.94,1560.0,0.047,20015.6,1.047,0,43,583.25,39000.0,True
2025-03-24,雜草町,老宅夜間工藝,member,新客,1421.16,1800.0,0.21,22828.59,0.926,0,52,703.52,45000.0,True
2025-03-31,雜草町,手捏陶體驗,online,熟客,919.52,1080.0,0.149,7541.47,0.983,0,38,412.14,27000.0,True
2025-04-07,雜草町,羊毛氈課程,store,熟客,1320.0,1320.0,0.0,11023.42,0.975,0,37,529.56,33000.0,True
2025-04-14,雜草町,金工入門,event,熟客,1313.75,1560.0,0.158,19843.14,0.996,0,54,561.4,39000.0,True
2025-04-21,雜草町,老宅夜間工藝,member,熟客,1644.42,1800.0,0.086,19298.91,1.042,0,48,683.0,45000.0,True
2025-04-28,雜草町,手捏陶體驗,online,親子,1080.0,1080.0,0.0,11141.31,0.901,0,30,399.98,27000.0,True
2025-05-05,雜草町,羊毛氈課程,store,親子,1039.14,1320.0,0.213,15470.38,0.928,0,48,527.5,33000.0,True
2025-05-12,雜草町,金工入門,event,親子,1560.0,1560.0,0.0,15306.58,1.055,0,37,593.29,39000.0,True
2025-05-19,雜草町,老宅夜間工藝,member,親子,1523.67,1800.0,0.154,22034.65,1.03,0,44,697.48,45000.0,True
2025-05-26,雜草町,手捏陶體驗,online,年輕族群,915.8,1080.0,0.152,9932.37,0.903,0,42,408.32,27000.0,True
2025-06-02,雜草町,羊毛氈課程,store,年輕族群,1260.07,1320.0,0.045,10321.63,0.962,0,36,481.47,33000.0,True
2025-06-09,雜草町,金工入門,event,年輕族群,1397.27,1560.0,0.104,15748.49,1.026,0,40,595.72,39000.0,True
2025-06-16,雜草町,老宅夜間工藝,member,年輕族群,1771.75,1800.0,0.016,17997.88,0.928,0,42,648.77,45000.0,True
2025-06-23,雜草町,手捏陶體驗,online,新客,984.69,1080.0,0.088,7223.79,0.909,0,42,402.49,27000.0,True
2025-06-30,雜草町,羊毛氈課程,store,新客,1171.26,1320.0,0.113,15107.27,1.059,0,38,509.52,33000.0,True
2025-07-07,雜草町,金工入門,event,新客,1424.14,1560.0,0.087,18226.73,1.012,1,44,622.89,39000.0,True
2025-07-14,雜草町,老宅夜間工藝,member,新客,1542.35,1800.0,0.143,19665.5,1.021,1,52,671.47,45000.0,True
2025-07-21,雜草町,手捏陶體驗,online,熟客,1078.11,1080.0,0.002,11825.38,0.904,1,35,421.26,27000.0,True
2025-07-28,雜草町,羊毛氈課程,store,熟客,1066.62,1320.0,0.192,13192.23,0.925,1,51,509.43,33000.0,True
2025-08-04,雜草町,金工入門,event,熟客,1342.78,1560.0,0.139,21397.52,0.998,1,57,573.57,39000.0,True
2025-08-11,雜草町,老宅夜間工藝,member,熟客,1561.09,1800.0,0.133,22537.09,0.815,1,50,682.93,45000.0,True
2025-08-18,雜草町,手捏陶體驗,online,親子,842.29,1080.0,0.22,13759.73,0.848,1,52,431.01,27000.0,True
2025-08-25,雜草町,羊毛氈課程,store,親子,1263.45,1320.0,0.043,13229.3,0.983,1,36,500.88,33000.0,True
2025-09-01,雜草町,金工入門,event,親子,1277.57,1560.0,0.181,17744.44,1.068,0,46,606.54,39000.0,True
2025-09-08,雜草町,老宅夜間工藝,member,親子,1726.74,1800.0,0.041,22784.71,0.818,0,46,676.31,45000.0,True
2025-09-15,雜草町,手捏陶體驗,online,年輕族群,1022.11,1080.0,0.054,9176.48,0.942,0,35,402.35,27000.0,True
2025-09-22,雜草町,羊毛氈課程,store,年輕族群,1194.49,1320.0,0.095,12139.59,0.951,0,45,507.37,33000.0,True
2025-09-29,雜草町,金工入門,event,年輕族群,1483.51,1560.0,0.049,21388.4,0.959,0,43,602.87,39000.0,True
2025-10-06,雜草町,老宅夜間工藝,member,年輕族群,1507.19,1800.0,0.163,22676.92,0.907,0,49,679.81,45000.0,True
2025-01-06,義大開發,樂園一日票,online,新客,4464.37,5472.0,0.184,56525.69,1.0,0,198,3110.64,136800.0,True
2025-01-13,義大開發,購物樂園套票,store,新客,6688.0,6688.0,0.0,79794.99,0.966,0,190,3746.99,167200.0,True
2025-01-20,義大開發,兩天一夜度假,event,新客,6805.65,7904.0,0.139,78879.45,0.871,0,220,4549.09,197600.0,True
2025-01-27,義大開發,三天兩夜深度假期,member,新客,7789.63,9120.0,0.146,116157.88,1.002,0,306,5133.86,228000.0,True
2025-02-03,義大開發,樂園一日票,online,熟客,4658.89,5472.0,0.149,41576.48,0.984,1,162,3106.14,136800.0,True
2025-02-10,義大開發,購物樂園套票,store,熟客,5425.04,6688.0,0.189,75185.87,1.164,1,254,3675.38,167200.0,True
2025-02-17,義大開發,兩天一夜度假,event,熟客,6709.4,7904.0,0.151,105985.84,0.933,1,278,4454.13,197600.0,True
2025-02-24,義大開發,三天兩夜深度假期,member,熟客,7731.06,9120.0,0.152,112423.82,0.935,1,307,4974.94,228000.0,True
2025-03-03,義大開發,樂園一日票,online,親子,4884.36,5472.0,0.107,49419.93,0.943,0,160,3141.63,136800.0,True
2025-03-10,義大開發,購物樂園套票,store,親子,6007.6,6688.0,0.102,63908.8,0.943,0,182,3876.18,167200.0,True
2025-03-17,義大開發,兩天一夜度假,event,親子,7563.01,7904.0,0.043,82221.07,0.969,0,210,4583.3,197600.0,True
2025-03-24,義大開發,三天兩夜深度假期,member,親子,7656.69,9120.0,0.16,128036.53,1.046,0,325,4970.21,228000.0,True
2025-03-31,義大開發,樂園一日票,online,年輕族群,5472.0,5472.0,0.0,63528.57,1.015,0,156,3130.82,136800.0,True
2025-04-07,義大開發,購物樂園套票,store,年輕族群,6053.75,6688.0,0.095,79410.82,0.872,0,210,3810.92,167200.0,True
2025-04-14,義大開發,兩天一夜度假,event,年輕族群,7904.0,7904.0,0.0,88536.04,0.986,0,198,4540.46,197600.0,True
2025-04-21,義大開發,三天兩夜深度假期,member,年輕族群,8648.08,9120.0,0.052,132633.9,1.062,0,281,5144.99,228000.0,True
2025-04-28,義大開發,樂園一日票,online,新客,4386.53,5472.0,0.198,65541.33,0.912,0,221,3021.15,136800.0,True
2025-05-05,義大開發,購物樂園套票,store,新客,5998.13,6688.0,0.103,59860.46,1.013,0,176,3698.27,167200.0,True
2025-05-12,義大開發,兩天一夜度假,event,新客,7600.97,7904.0,0.038,95585.06,0.963,0,210,4521.64,197600.0,True
2025-05-19,義大開發,三天兩夜深度假期,member,新客,8619.21,9120.0,0.055,105774.2,0.975,0,240,5078.26,228000.0,True
2025-05-26,義大開發,樂園一日票,online,熟客,5231.69,5472.0,0.044,34261.18,0.934,0,131,3203.22,136800.0,True
2025-06-02,義大開發,購物樂園套票,store,熟客,5753.79,6688.0,0.14,45289.54,1.012,0,163,3748.43,167200.0,True
2025-06-09,義大開發,兩天一夜度假,event,熟客,7379.5,7904.0,0.066,99353.96,0.948,0,231,4601.6,197600.0,True
2025-06-16,義大開發,三天兩夜深度假期,member,熟客,9120.0,9120.0,0.0,129262.71,0.99,0,253,4961.43,228000.0,True
2025-06-23,義大開發,樂園一日票,online,親子,5472.0,5472.0,0.0,34397.3,1.051,0,106,2991.68,136800.0,True
2025-06-30,義大開發,購物樂園套票,store,親子,5727.83,6688.0,0.144,61531.62,0.971,0,191,3764.45,167200.0,True
2025-07-07,義大開發,兩天一夜度假,event,親子,7117.04,7904.0,0.1,96853.39,0.972,1,248,4399.92,197600.0,True
2025-07-14,義大開發,三天兩夜深度假期,member,親子,8208.64,9120.0,0.1,81853.67,0.988,1,238,5056.67,228000.0,True
2025-07-21,義大開發,樂園一日票,online,年輕族群,4390.7,5472.0,0.198,34253.15,1.085,1,182,2949.66,136800.0,True
2025-07-28,義大開發,購物樂園套票,store,年輕族群,6395.44,6688.0,0.044,80987.46,0.996,1,217,3733.19,167200.0,True
2025-08-04,義大開發,兩天一夜度假,event,年輕族群,7156.62,7904.0,0.095,82505.71,1.103,1,231,4368.03,197600.0,True
2025-08-11,義大開發,三天兩夜深度假期,member,年輕族群,8750.98,9120.0,0.04,99903.66,0.972,1,235,5067.14,228000.0,True
2025-08-18,義大開發,樂園一日票,online,新客,4639.25,5472.0,0.152,40344.66,0.952,1,171,3179.56,136800.0,True
2025-08-25,義大開發,購物樂園套票,store,新客,6302.67,6688.0,0.058,76808.59,0.991,1,204,3684.97,167200.0,True
2025-09-01,義大開發,兩天一夜度假,event,新客,7247.95,7904.0,0.083,105967.21,0.961,0,255,4215.45,197600.0,True
2025-09-08,義大開發,三天兩夜深度假期,member,新客,8759.88,9120.0,0.039,127802.52,0.972,0,251,5028.73,228000.0,True
2025-09-15,義大開發,樂園一日票,online,熟客,4929.63,5472.0,0.099,51514.31,0.861,0,157,3003.48,136800.0,True
2025-09-22,義大開發,購物樂園套票,store,熟客,5442.09,6688.0,0.186,78116.24,1.046,0,247,3651.6,167200.0,True
2025-09-29,義大開發,兩天一夜度假,event,熟客,7541.53,7904.0,0.046,92598.84,1.026,0,199,4438.86,197600.0,True
2025-10-06,義大開發,三天兩夜深度假期,member,熟客,7705.59,9120.0,0.155,115678.13,1.02,0,304,5234.63,228000.0,True
2025-01-06,義大開發,樂園一日票,online,親子,4642.96,5472.0,0.152,54639.28,0.967,0,201,3082.67,136800.0,True
2025-01-13,義大開發,購物樂園套票,store,親子,5774.6,6688.0,0.137,81914.4,0.889,0,232,3823.97,167200.0,True
2025-01-20,義大開發,兩天一夜度假,event,親子,6316.55,7904.0,0.201,88227.84,0.951,0,270,4347.54,197600.0,True
2025-01-27,義大開發,三天兩夜深度假期,member,親子,9061.48,9120.0,0.006,108619.78,0.951,0,242,4936.79,228000.0,True
2025-02-03,義大開發,樂園一日票,online,年輕族群,4860.34,5472.0,0.112,63786.47,0.97,1,206,3200.37,136800.0,True
2025-02-10,義大開發,購物樂園套票,store,年輕族群,6289.59,6688.0,0.06,58772.95,0.974,1,185,3693.8,167200.0,True
2025-02-17,義大開發,兩天一夜度假,event,年輕族群,7745.31,7904.0,0.02,102352.35,0.953,1,233,4276.43,197600.0,True
2025-02-24,義大開發,三天兩夜深度假期,member,年輕族群,8653.28,9120.0,0.051,121403.64,0.99,1,255,5211.0,228000.0,True
2025-03-03,義大開發,樂園一日票,online,新客,4284.1,5472.0,0.217,33726.29,0.89,0,152,3154.01,136800.0,True
2025-03-10,義大開發,購物樂園套票,store,新客,5665.59,6688.0,0.153,51903.42,0.944,0,184,3759.45,167200.0,True
2025-03-17,義大開發,兩天一夜度假,event,新客,6631.77,7904.0,0.161,74260.91,0.893,0,218,4434.47,197600.0,True
2025-03-24,義大開發,三天兩夜深度假期,member,新客,7858.49,9120.0,0.138,121345.12,0.89,0,304,4904.03,228000.0,True
2025-03-31,義大開發,樂園一日票,online,熟客,4709.05,5472.0,0.139,16921.19,0.787,0,106,3062.87,136800.0,True
2025-04-07,義大開發,購物樂園套票,store,熟客,5394.52,6688.0,0.193,65943.66,0.905,0,233,3865.57,167200.0,True
2025-04-14,義大開發,兩天一夜度假,event,熟客,6998.46,7904.0,0.115,82954.87,0.998,0,231,4462.61,197600.0,True
2025-04-21,義大開發,三天兩夜深度假期,member,熟客,7219.59,9120.0,0.208,112634.8,0.985,0,325,5170.79,228000.0,True
2025-04-28,義大開發,樂園一日票,online,親子,4706.78,5472.0,0.14,43967.55,0.97,0,161,3088.92,136800.0,True
2025-05-05,義大開發,購物樂園套票,store,親子,5402.97,6688.0,0.192,70237.08,1.012,0,221,3984.52,167200.0,True
2025-05-12,義大開發,兩天一夜度假,event,親子,7456.03,7904.0,0.057,94698.2,0.948,0,219,4571.71,197600.0,True
2025-05-19,義大開發,三天兩夜深度假期,member,親子,8547.47,9120.0,0.063,107762.55,0.982,0,244,5245.32,228000.0,True
2025-05-26,義大開發,樂園一日票,online,年輕族群,4483.57,5472.0,0.181,38438.29,0.997,0,195,2900.64,136800.0,True
2025-06-02,義大開發,購物樂園套票,store,年輕族群,5701.24,6688.0,0.148,76039.74,0.831,0,233,3663.26,167200.0,True
2025-06-09,義大開發,兩天一夜度假,event,年輕族群,6727.22,7904.0,0.149,77769.55,0.999,0,236,4398.3,197600.0,True
2025-06-16,義大開發,三天兩夜深度假期,member,年輕族群,8254.76,9120.0,0.095,107580.25,0.947,0,280,5345.3,228000.0,True
2025-06-23,義大開發,樂園一日票,online,新客,5298.76,5472.0,0.032,34177.54,0.897,0,146,3187.67,136800.0,True
2025-06-30,義大開發,購物樂園套票,store,新客,5972.77,6688.0,0.107,58736.17,0.875,0,186,3923.24,167200.0,True
2025-07-07,義大開發,兩天一夜度假,event,新客,7904.0,7904.0,0.0,98978.8,1.01,1,214,4492.94,197600.0,True
2025-07-14,義大開發,三天兩夜深度假期,member,新客,8960.62,9120.0,0.017,139671.67,0.927,1,292,5100.88,228000.0,True
2025-07-21,義大開發,樂園一日票,online,熟客,4644.18,5472.0,0.151,37174.95,0.9,1,168,3001.52,136800.0,True
2025-07-28,義大開發,購物樂園套票,store,熟客,6313.37,6688.0,0.056,62923.6,0.919,1,191,3780.25,167200.0,True
2025-08-04,義大開發,兩天一夜度假,event,熟客,7904.0,7904.0,0.0,74696.35,0.927,1,195,4508.4,197600.0,True
2025-08-11,義大開發,三天兩夜深度假期,member,熟客,7759.96,9120.0,0.149,114266.91,0.841,1,319,5093.09,228000.0,True
2025-08-18,義大開發,樂園一日票,online,親子,4464.01,5472.0,0.184,34640.95,0.98,1,152,2925.13,136800.0,True
2025-08-25,義大開發,購物樂園套票,store,親子,6070.69,6688.0,0.092,70749.96,0.886,1,215,3997.68,167200.0,True
2025-09-01,義大開發,兩天一夜度假,event,親子,6265.46,7904.0,0.207,93282.86,1.024,0,288,4495.21,197600.0,True
2025-09-08,義大開發,三天兩夜深度假期,member,親子,7796.22,9120.0,0.145,140251.92,0.977,0,336,5025.55,228000.0,True
2025-09-15,義大開發,樂園一日票,online,年輕族群,4362.67,5472.0,0.203,29103.43,0.963,0,147,2951.55,136800.0,True
2025-09-22,義大開發,購物樂園套票,store,年輕族群,5363.83,6688.0,0.198,80521.79,1.108,0,241,3801.32,167200.0,True
2025-09-29,義大開發,兩天一夜度假,event,年輕族群,6731.65,7904.0,0.148,85285.06,0.861,0,256,4231.6,197600.0,True
2025-10-06,義大開發,三天兩夜深度假期,member,年輕族群,8649.23,9120.0,0.052,144367.09,1.102,0,315,4965.47,228000.0,True
2025-01-06,義大開發,樂園一日票,online,新客,4449.88,5472.0,0.187,50424.12,0.962,0,184,3191.43,136800.0,True
2025-01-13,義大開發,購物樂園套票,store,新客,6329.96,6688.0,0.054,50535.39,1.086,0,162,3594.84,167200.0,True
2025-01-20,義大開發,兩天一夜度假,event,新客,7904.0,7904.0,0.0,75663.84,0.961,0,177,4468.7,197600.0,True
2025-01-27,義大開發,三天兩夜深度假期,member,新客,8149.65,9120.0,0.106,131201.49,1.013,0,305,5191.22,228000.0,True
2025-02-03,義大開發,樂園一日票,online,熟客,5472.0,5472.0,0.0,31570.56,1.04,1,141,3124.14,136800.0,True
2025-02-10,義大開發,購物樂園套票,store,熟客,5778.92,6688.0,0.136,69495.25,0.945,1,211,3797.64,167200.0,True
2025-02-17,義大開發,兩天一夜度假,event,熟客,7552.89,7904.0,0.044,82995.91,1.084,1,227,4401.58,197600.0,True
2025-02-24,義大開發,三天兩夜深度假期,member,熟客,9060.74,9120.0,0.006,104801.39,0.999,1,243,5446.43,228000.0,True
2025-03-03,義大開發,樂園一日票,online,親子,4341.94,5472.0,0.207,50838.3,1.094,0,187,3102.44,136800.0,True
2025-03-10,義大開發,購物樂園套票,store,親子,5980.57,6688.0,0.106,73461.1,0.982,0,217,3576.28,167200.0,True
2025-03-17,義大開發,兩天一夜度假,event,親子,6685.87,7904.0,0.154,95166.1,0.978,0,260,4214.31,197600.0,True
2025-03-24,義大開發,三天兩夜深度假期,member,親子,8258.02,9120.0,0.095,116823.22,0.929,0,268,4944.87,228000.0,True
2025-03-31,義大開發,樂園一日票,online,年輕族群,4441.09,5472.0,0.188,59639.56,0.876,0,202,2908.19,136800.0,True
2025-04-07,義大開發,購物樂園套票,store,年輕族群,5786.06,6688.0,0.135,63396.62,1.039,0,212,3838.14,167200.0,True
2025-04-14,義大開發,兩天一夜度假,event,年輕族群,7443.16,7904.0,0.058,100217.93,0.989,0,224,4376.47,197600.0,True
2025-04-21,義大開發,三天兩夜深度假期,member,年輕族群,7728.26,9120.0,0.153,105997.71,0.958,0,289,5060.8,228000.0,True
2025-04-28,義大開發,樂園一日票,online,新客,4354.23,5472.0,0.204,57981.28,0.982,0,217,3140.34,136800.0,True
2025-05-05,義大開發,購物樂園套票,store,新客,5515.35,6688.0,0.175,56979.44,0.986,0,211,3716.74,167200.0,True
2025-05-12,義大開發,兩天一夜度假,event,新客,7404.29,7904.0,0.063,87809.27,0.975,0,203,4412.18,197600.0,True
2025-05-19,義大開發,三天兩夜深度假期,member,新客,7314.31,9120.0,0.198,119285.86,0.919,0,346,5108.98,228000.0,True
2025-05-26,義大開發,樂園一日票,online,熟客,5472.0,5472.0,0.0,29325.5,1.007,0,122,3115.82,136800.0,True
2025-06-02,義大開發,購物樂園套票,store,熟客,5879.16,6688.0,0.121,76620.49,0.992,0,209,3825.87,167200.0,True
2025-06-09,義大開發,兩天一夜度假,event,熟客,7122.02,7904.0,0.099,89840.89,1.054,0,231,4228.59,197600.0,True
2025-06-16,義大開發,三天兩夜深度假期,member,熟客,7956.39,9120.0,0.128,93395.27,1.022,0,256,5169.54,228000.0,True
2025-06-23,義大開發,樂園一日票,online,親子,4973.02,5472.0,0.091,59408.28,0.816,0,188,3153.66,136800.0,True
2025-06-30,義大開發,購物樂園套票,store,親子,5738.19,6688.0,0.142,72262.4,0.927,0,219,3753.42,167200.0,True
2025-07-07,義大開發,兩天一夜度假,event,親子,7317.51,7904.0,0.074,80069.54,1.051,1,217,4462.34,197600.0,True
2025-07-14,義大開發,三天兩夜深度假期,member,親子,8071.47,9120.0,0.115,127889.81,0.831,1,328,5221.46,228000.0,True
2025-07-21,義大開發,樂園一日票,online,年輕族群,4590.78,5472.0,0.161,54053.53,0.906,1,192,3164.47,136800.0,True
2025-07-28,義大開發,購物樂園套票,store,年輕族群,6285.2,6688.0,0.06,75009.71,1.022,1,216,3750.26,167200.0,True
2025-08-04,義大開發,兩天一夜度假,event,年輕族群,6710.15,7904.0,0.151,98455.57,1.035,1,270,4292.75,197600.0,True
2025-08-11,義大開發,三天兩夜深度假期,member,年輕族群,7752.27,9120.0,0.15,126975.4,1.115,1,312,5003.56,228000.0,True
2025-08-18,義大開發,樂園一日票,online,新客,4451.4,5472.0,0.187,53418.29,0.92,1,193,3273.73,136800.0,True
2025-08-25,義大開發,購物樂園套票,store,新客,5725.78,6688.0,0.144,79703.23,0.988,1,234,3598.14,167200.0,True
2025-09-01,義大開發,兩天一夜度假,event,新客,6996.7,7904.0,0.115,83515.71,0.841,0,223,4363.66,197600.0,True
2025-09-08,義大開發,三天兩夜深度假期,member,新客,7240.94,9120.0,0.206,113195.42,0.895,0,328,5228.86,228000.0,True
2025-09-15,義大開發,樂園一日票,online,熟客,4415.44,5472.0,0.193,45882.0,1.041,0,182,3033.82,136800.0,True
2025-09-22,義大開發,購物樂園套票,store,熟客,5368.1,6688.0,0.197,57059.21,1.029,0,193,3784.62,167200.0,True
2025-09-29,義大開發,兩天一夜度假,event,熟客,7112.67,7904.0,0.1,87821.26,0.941,0,241,4163.51,197600.0,True
2025-10-06,義大開發,三天兩夜深度假期,member,熟客,7700.31,9120.0,0.156,126740.13,0.855,0,331,5235.35,228000.0,True
2025-01-06,義大開發,樂園一日票,online,親子,4715.85,5472.0,0.138,48483.22,0.869,0,165,3020.9,136800.0,True
2025-01-13,義大開發,購物樂園套票,store,親子,6068.02,6688.0,0.093,,0.928,0,241,3820.64,167200.0,True
2025-01-20,義大開發,兩天一夜度假,event,親子,7904.0,7904.0,0.0,102756.18,0.877,0,224,4522.15,197600.0,True
2025-01-27,義大開發,三天兩夜深度假期,member,親子,7638.83,9120.0,0.162,103808.89,0.939,0,288,5274.9,228000.0,True
2025-02-03,義大開發,樂園一日票,online,年輕族群,4668.78,5472.0,0.147,48926.63,0.774,1,193,3005.29,136800.0,True
2025-02-10,義大開發,購物樂園套票,store,年輕族群,5711.89,6688.0,0.146,53310.22,1.082,1,187,3853.36,167200.0,True
2025-02-17,義大開發,兩天一夜度假,event,年輕族群,6311.21,7904.0,0.202,117565.95,0.984,1,329,4555.41,197600.0,True
2025-02-24,義大開發,三天兩夜深度假期,member,年輕族群,8781.73,9120.0,0.037,115450.94,0.91,1,268,4951.41,228000.0,True
2025-03-03,義大開發,樂園一日票,online,新客,4653.38,5472.0,0.15,38711.13,0.916,0,158,3140.07,136800.0,True
2025-03-10,義大開發,購物樂園套票,store,新客,6477.06,6688.0,0.032,56201.2,0.998,0,172,3870.92,167200.0,True
2025-03-17,義大開發,兩天一夜度假,event,新客,6348.24,7904.0,0.197,105945.48,1.029,0,296,4499.21,197600.0,True
2025-03-24,義大開發,三天兩夜深度假期,member,新客,7305.35,9120.0,0.199,122529.37,0.784,0,343,5087.35,228000.0,True
2025-03-31,義大開發,樂園一日票,online,熟客,5364.79,5472.0,0.02,40883.19,0.882,0,120,3136.43,136800.0,True
2025-04-07,義大開發,購物樂園套票,store,熟客,6260.8,6688.0,0.064,60418.93,1.01,0,173,3724.65,167200.0,True
2025-04-14,義大開發,兩天一夜度假,event,熟客,7904.0,7904.0,0.0,108812.15,0.864,0,235,4463.07,197600.0,True
2025-04-21,義大開發,三天兩夜深度假期,member,熟客,7254.26,9120.0,0.205,129418.62,0.925,0,374,5101.44,228000.0,True
2025-04-28,義大開發,樂園一日票,online,親子,5472.0,5472.0,0.0,42052.67,0.892,0,133,3139.94,136800.0,True
2025-05-05,義大開發,購物樂園套票,store,親子,5354.95,6688.0,0.199,52459.53,1.002,0,204,3790.34,167200.0,True
2025-05-12,義大開發,兩天一夜度假,event,親子,6341.96,7904.0,0.198,93629.42,0.973,0,261,4342.76,197600.0,True
2025-05-19,義大開發,三天兩夜深度假期,member,親子,8254.3,9120.0,0.095,82002.75,0.98,0,222,5120.5,228000.0,True
2025-05-26,義大開發,樂園一日票,online,年輕族群,4768.29,5472.0,0.129,54319.02,1.043,0,185,3179.56,136800.0,True
2025-06-02,義大開發,購物樂園套票,store,年輕族群,5597.1,6688.0,0.163,69547.69,0.75,0,243,3876.96,167200.0,True
2025-06-09,義大開發,兩天一夜度假,event,年輕族群,7054.16,7904.0,0.108,105429.07,1.044,0,257,4485.08,197600.0,True
2025-06-16,義大開發,三天兩夜深度假期,member,年輕族群,7762.49,9120.0,0.149,124194.7,0.933,0,313,4862.33,228000.0,True
2025-06-23,義大開發,樂園一日票,online,新客,5196.41,5472.0,0.05,50040.76,0.873,0,161,3093.63,136800.0,True
2025-06-30,義大開發,購物樂園套票,store,新客,5366.11,6688.0,0.198,68634.01,0.995,0,217,3758.15,167200.0,True
2025-07-07,義大開發,兩天一夜度假,event,新客,7485.4,7904.0,0.053,88989.71,1.028,1,225,4426.11,197600.0,True
2025-07-14,義大開發,三天兩夜深度假期,member,新客,8195.84,9120.0,0.101,122266.83,1.092,1,291,5236.83,228000.0,True
2025-07-21,義大開發,樂園一日票,online,熟客,4888.03,5472.0,0.107,45977.71,1.024,1,178,3148.78,136800.0,True
2025-07-28,義大開發,購物樂園套票,store,熟客,5689.8,6688.0,0.149,51543.38,1.006,1,191,3869.02,167200.0,True
2025-08-04,義大開發,兩天一夜度假,event,熟客,6849.2,7904.0,0.133,101799.16,1.033,1,295,4470.58,197600.0,True
2025-08-11,義大開發,三天兩夜深度假期,member,熟客,7786.73,9120.0,0.146,116510.89,0.995,1,311,5151.83,228000.0,True
2025-08-18,義大開發,樂園一日票,online,親子,4360.8,5472.0,0.203,50643.9,0.922,1,210,3059.47,136800.0,True
2025-08-25,義大開發,購物樂園套票,store,親子,6332.05,6688.0,0.053,67733.78,1.035,1,180,3877.21,167200.0,True
2025-09-01,義大開發,兩天一夜度假,event,親子,6261.23,7904.0,0.208,79320.92,0.848,0,271,4441.24,197600.0,True
2025-09-08,義大開發,三天兩夜深度假期,member,親子,8710.51,9120.0,0.045,121020.39,0.89,0,272,5214.95,228000.0,True
2025-09-15,義大開發,樂園一日票,online,年輕族群,4407.33,5472.0,0.195,42406.47,0.935,0,170,3271.95,136800.0,True
2025-09-22,義大開發,購物樂園套票,store,年輕族群,5754.47,6688.0,0.14,77061.35,0.913,0,208,3840.89,167200.0,True
2025-09-29,義大開發,兩天一夜度假,event,年輕族群,7006.91,7904.0,0.113,82580.57,1.008,0,221,4513.04,197600.0,True
2025-10-06,義大開發,三天兩夜深度假期,member,年輕族群,9120.0,9120.0,0.0,117125.6,0.929,0,262,5000.4,228000.0,True
2025-01-06,義大開發,樂園一日票,online,新客,5257.2,5472.0,0.039,66847.13,0.952,0,166,2997.51,136800.0,True
2025-01-13,義大開發,購物樂園套票,store,新客,5382.09,6688.0,0.195,62231.87,0.879,0,212,3909.49,167200.0,True
2025-01-20,義大開發,兩天一夜度假,event,新客,6594.3,7904.0,0.166,70166.64,0.882,0,211,4440.48,197600.0,True
2025-01-27,義大開發,三天兩夜深度假期,member,新客,8536.01,9120.0,0.064,134735.5,0.934,0,305,4987.87,228000.0,True
2025-02-03,義大開發,樂園一日票,online,熟客,4566.46,5472.0,0.165,62385.58,1.041,1,215,2959.84,136800.0,True
2025-02-10,義大開發,購物樂園套票,store,熟客,6675.59,6688.0,0.002,62179.67,1.106,1,153,3813.51,167200.0,True
2025-02-17,義大開發,兩天一夜度假,event,熟客,7579.02,7904.0,0.041,86427.85,0.923,1,217,4611.88,197600.0,True
2025-02-24,義大開發,三天兩夜深度假期,member,熟客,8521.86,9120.0,0.066,,0.929,1,290,4861.39,228000.0,True
2025-03-03,義大開發,樂園一日票,online,親子,4904.68,5472.0,0.104,65945.83,1.007,0,205,3105.47,136800.0,True
2025-03-10,義大開發,購物樂園套票,store,親子,6688.0,6688.0,0.0,68824.25,0.996,0,162,3648.49,167200.0,True
2025-03-17,義大開發,兩天一夜度假,event,親子,6231.84,7904.0,0.212,97504.36,0.876,0,297,4395.69,197600.0,True
2025-03-24,義大開發,三天兩夜深度假期,member,親子,8511.72,9120.0,0.067,133831.34,0.986,0,302,4792.04,228000.0,True
2025-03-31,義大開發,樂園一日票,online,年輕族群,4931.8,5472.0,0.099,38830.28,0.787,0,159,3133.8,136800.0,True
2025-04-07,義大開發,購物樂園套票,store,年輕族群,6688.0,6688.0,0.0,74364.09,0.962,0,185,3920.36,167200.0,True
2025-04-14,義大開發,兩天一夜度假,event,年輕族群,6302.43,7904.0,0.203,99606.0,0.831,0,295,4481.57,197600.0,True
2025-04-21,義大開發,三天兩夜深度假期,member,年輕族群,7873.98,9120.0,0.137,115914.14,0.906,0,300,4989.62,228000.0,True
2025-04-28,義大開發,樂園一日票,online,新客,4347.19,5472.0,0.206,44262.27,1.04,0,200,2959.92,136800.0,True
2025-05-05,義大開發,購物樂園套票,store,新客,6342.02,6688.0,0.052,72784.58,0.974,0,185,3643.49,167200.0,True
2025-05-12,義大開發,兩天一夜度假,event,新客,6601.41,7904.0,0.165,83057.0,0.902,0,259,4523.94,197600.0,True
2025-05-19,義大開發,三天兩夜深度假期,member,新客,8789.07,9120.0,0.036,110025.23,1.023,0,256,5327.26,228000.0,True
2025-05-26,義大開發,樂園一日票,online,熟客,5167.34,5472.0,0.056,42773.14,0.947,0,140,3059.61,136800.0,True
2025-06-02,義大開發,購物樂園套票,store,熟客,5427.64,6688.0,0.188,69361.02,0.981,0,231,3702.66,167200.0,True
2025-06-09,義大開發,兩天一夜度假,event,熟客,7875.03,7904.0,0.004,79444.76,1.001,0,191,4510.23,197600.0,True
2025-06-16,義大開發,三天兩夜深度假期,member,熟客,8113.02,9120.0,0.11,110387.7,1.003,0,283,5224.81,228000.0,True
2025-06-23,義大開發,樂園一日票,online,親子,4992.96,5472.0,0.088,44424.82,0.771,0,154,3013.54,136800.0,True
2025-06-30,義大開發,購物樂園套票,store,親子,6678.11,6688.0,0.001,51123.81,1.023,0,130,3829.53,167200.0,True
2025-07-07,義大開發,兩天一夜度假,event,親子,7495.51,7904.0,0.052,96264.13,1.008,1,235,4448.16,197600.0,True
2025-07-14,義大開發,三天兩夜深度假期,member,親子,8563.85,9120.0,0.061,107367.87,0.891,1,283,5274.48,228000.0,True
2025-07-21,義大開發,樂園一日票,online,年輕族群,4724.89,5472.0,0.137,45546.68,0.976,1,198,3088.13,136800.0,True
2025-07-28,義大開發,購物樂園套票,store,年輕族群,5349.4,6688.0,0.2,42113.24,1.047,1,199,3800.07,167200.0,True
2025-08-04,義大開發,兩天一夜度假,event,年輕族群,6618.73,7904.0,0.163,89641.44,1.152,1,252,4372.48,197600.0,True
2025-08-11,義大開發,三天兩夜深度假期,member,年輕族群,8665.72,9120.0,0.05,122937.39,0.84,1,266,5288.57,228000.0,True
2025-08-18,義大開發,樂園一日票,online,新客,4591.7,5472.0,0.161,60866.28,0.826,1,225,3131.53,136800.0,True
2025-08-25,義大開發,購物樂園套票,store,新客,5337.25,6688.0,0.202,68500.92,0.917,1,248,3775.44,167200.0,True
2025-09-01,義大開發,兩天一夜度假,event,新客,6624.94,7904.0,0.162,85106.31,0.938,0,246,4490.84,197600.0,True
2025-09-08,義大開發,三天兩夜深度假期,member,新客,7746.5,9120.0,0.151,123479.68,1.01,0,305,5096.41,228000.0,True
2025-09-15,義大開發,樂園一日票,online,熟客,5458.06,5472.0,0.003,59133.68,0.913,0,162,3064.21,136800.0,True
2025-09-22,義大開發,購物樂園套票,store,熟客,5359.11,6688.0,0.199,87796.92,0.798,0,280,3958.59,167200.0,True
2025-09-29,義大開發,兩天一夜度假,event,熟客,6243.23,7904.0,0.21,74687.89,0.993,0,248,4415.25,197600.0,True
2025-10-06,義大開發,三天兩夜深度假期,member,熟客,8393.33,9120.0,0.08,115861.29,1.046,0,267,5235.64,228000.0,True
2025-01-06,義大開發,樂園一日票,online,親子,4264.04,5472.0,0.221,26604.96,1.091,0,149,3095.27,136800.0,True
2025-01-13,義大開發,購物樂園套票,store,親子,6100.32,6688.0,0.088,81796.1,0.992,0,220,3750.02,167200.0,True
2025-01-20,義大開發,兩天一夜度假,event,親子,6480.97,7904.0,0.18,101793.13,0.949,0,281,4375.08,197600.0,True
2025-01-27,義大開發,三天兩夜深度假期,member,親子,8371.14,9120.0,0.082,98559.56,0.972,0,238,5006.32,228000.0,True
2025-02-03,義大開發,樂園一日票,online,年輕族群,4600.78,5472.0,0.159,41830.95,1.132,1,174,3063.02,136800.0,True
2025-02-10,義大開發,購物樂園套票,store,年輕族群,5256.34,6688.0,0.214,73518.47,0.944,1,252,3641.78,167200.0,True
2025-02-17,義大開發,兩天一夜度假,event,年輕族群,7579.77,7904.0,0.041,86921.39,0.936,1,226,4432.47,197600.0,True
2025-02-24,義大開發,三天兩夜深度假期,member,年輕族群,8236.29,9120.0,0.097,119243.42,1.116,1,308,5211.62,228000.0,True
2025-03-03,義大開發,樂園一日票,online,新客,4971.11,5472.0,0.092,33866.01,0.972,0,138,3133.45,136800.0,True
2025-03-10,義大開發,購物樂園套票,store,新客,5305.26,6688.0,0.207,79433.09,1.009,0,244,3720.62,167200.0,True
2025-03-17,義大開發,兩天一夜度假,event,新客,6341.87,7904.0,0.198,78814.85,0.883,0,230,4524.24,197600.0,True
2025-03-24,義大開發,三天兩夜深度假期,member,新客,7319.13,9120.0,0.197,90714.47,0.963,0,287,5331.78,228000.0,True
2025-03-31,義大開發,樂園一日票,online,熟客,5472.0,5472.0,0.0,18992.79,0.913,0,102,3116.85,136800.0,True
2025-04-07,義大開發,購物樂園套票,store,熟客,5721.3,6688.0,0.145,55691.83,0.858,0,191,3881.72,167200.0,True
2025-04-14,義大開發,兩天一夜度假,event,熟客,7135.44,7904.0,0.097,84513.94,0.942,0,224,4492.03,197600.0,True
2025-04-21,義大開發,三天兩夜深度假期,member,熟客,8557.03,9120.0,0.062,102829.67,0.929,0,253,5336.04,228000.0,True
2025-04-28,義大開發,樂園一日票,online,親子,4904.1,5472.0,0.104,49245.62,0.971,0,159,3087.83,136800.0,True
2025-05-05,義大開發,購物樂園套票,store,親子,5758.54,6688.0,0.139,79798.27,0.983,0,243,3779.48,167200.0,True
2025-05-12,義大開發,兩天一夜度假,event,親子,7558.41,7904.0,0.044,93029.9,0.895,0,227,4405.87,197600.0,True
2025-05-19,義大開發,三天兩夜深度假期,member,親子,7361.2,9120.0,0.193,122934.69,0.946,0,341,4992.29,228000.0,True
2025-05-26,義大開發,樂園一日票,online,年輕族群,4364.42,5472.0,0.202,49221.79,0.87,0,198,3074.76,136800.0,True
2025-06-02,義大開發,購物樂園套票,store,年輕族群,6688.0,6688.0,0.0,68569.67,0.97,0,175,3785.12,167200.0,True
2025-06-09,義大開發,兩天一夜度假,event,年輕族群,7891.75,7904.0,0.002,65789.77,1.01,0,166,4360.2,197600.0,True
2025-06-16,義大開發,三天兩夜深度假期,member,年輕族群,7697.12,9120.0,0.156,109688.65,0.883,0,286,5099.41,228000.0,True
2025-06-23,義大開發,樂園一日票,online,新客,4427.45,5472.0,0.191,64902.79,0.841,0,218,3157.53,136800.0,True
2025-06-30,義大開發,購物樂園套票,store,新客,5215.88,6688.0,0.22,67209.56,0.975,0,244,3725.82,167200.0,True
2025-07-07,義大開發,兩天一夜度假,event,新客,7867.63,7904.0,0.005,85949.91,1.023,1,205,4550.1,197600.0,True
2025-07-14,義大開發,三天兩夜深度假期,member,新客,7193.15,9120.0,0.211,107295.93,0.908,1,337,5072.69,228000.0,True
2025-07-21,義大開發,樂園一日票,online,熟客,5181.99,5472.0,0.053,50726.34,0.933,1,161,3113.31,136800.0,True
2025-07-28,義大開發,購物樂園套票,store,熟客,6350.25,6688.0,0.051,57322.65,0.75,1,153,3824.47,167200.0,True
2025-08-04,義大開發,兩天一夜度假,event,熟客,6732.53,7904.0,0.148,96113.25,0.907,1,282,4603.65,197600.0,True
2025-08-11,義大開發,三天兩夜深度假期,member,熟客,9120.0,9120.0,0.0,117345.82,0.867,1,240,4936.79,228000.0,True
2025-08-18,義大開發,樂園一日票,online,親子,4444.6,5472.0,0.188,35319.61,0.888,1,154,3039.22,136800.0,True
2025-08-25,義大開發,購物樂園套票,store,親子,5629.98,6688.0,0.158,64297.59,1.107,1,220,3743.55,167200.0,True
2025-09-01,義大開發,兩天一夜度假,event,親子,6248.58,7904.0,0.209,77069.55,1.128,0,252,4356.67,197600.0,True
2025-09-08,義大開發,三天兩夜深度假期,member,親子,7828.0,9120.0,0.142,108551.5,1.004,0,283,4862.59,228000.0,True
2025-09-15,義大開發,樂園一日票,online,年輕族群,4615.26,5472.0,0.157,31996.0,0.976,0,155,2981.04,136800.0,True
2025-09-22,義大開發,購物樂園套票,store,年輕族群,6683.19,6688.0,0.001,63389.22,0.904,0,158,3772.43,167200.0,True
2025-09-29,義大開發,兩天一夜度假,event,年輕族群,6452.03,7904.0,0.184,88711.03,1.074,0,260,4340.35,197600.0,True
2025-10-06,義大開發,三天兩夜深度假期,member,年輕族群,7436.93,9120.0,0.185,118826.63,0.985,0,337,5189.26,228000.0,True
2025-01-06,盛香珍X亙美質珍,經典小泡芙,online,新客,76.25,86.4,0.117,839.25,1.049,0,1195,41.24,2160.0,True
2025-01-13,盛香珍X亙美質珍,限定風味小泡芙,store,新客,91.05,105.6,0.138,1152.25,1.017,0,1227,50.39,2640.0,True
2025-01-20,盛香珍X亙美質珍,分享派對包,event,新客,111.95,124.8,0.103,1399.75,0.924,0,1308,57.48,3120.0,True
2025-01-27,盛香珍X亙美質珍,跨界聯名禮盒,member,新客,122.9,144.0,0.147,1843.87,1.073,0,1580,69.54,3600.0,True
2025-02-03,盛香珍X亙美質珍,經典小泡芙,online,熟客,74.14,86.4,0.142,500.0,0.885,1,1700,39.11,2160.0,True
2025-02-10,盛香珍X亙美質珍,限定風味小泡芙,store,熟客,96.55,105.6,0.086,769.12,0.906,1,1632,50.81,2640.0,True
2025-02-17,盛香珍X亙美質珍,分享派對包,event,熟客,112.35,124.8,0.1,1429.1,0.99,1,1665,60.19,3120.0,True
2025-02-24,盛香珍X亙美質珍,跨界聯名禮盒,member,熟客,131.68,144.0,0.086,1853.81,0.977,1,1755,67.53,3600.0,True
2025-03-03,盛香珍X亙美質珍,經典小泡芙,online,親子,70.0,86.4,0.19,805.28,0.915,0,1853,42.31,2160.0,True
2025-03-10,盛香珍X亙美質珍,限定風味小泡芙,store,親子,90.02,105.6,0.148,899.49,1.087,0,1511,49.34,2640.0,True
2025-03-17,盛香珍X亙美質珍,分享派對包,event,親子,124.13,124.8,0.005,1629.04,0.92,0,1338,58.21,3120.0,True
2025-03-24,盛香珍X亙美質珍,跨界聯名禮盒,member,親子,121.66,144.0,0.155,1562.38,0.754,0,2082,68.89,3600.0,True
2025-03-31,盛香珍X亙美質珍,經典小泡芙,online,年輕族群,70.32,86.4,0.186,689.65,1.007,0,1546,40.11,2160.0,True
2025-04-07,盛香珍X亙美質珍,限定風味小泡芙,store,年輕族群,85.54,105.6,0.19,1300.88,0.965,0,2004,50.32,2640.0,True
2025-04-14,盛香珍X亙美質珍,分享派對包,event,年輕族群,99.24,124.8,0.205,1247.12,0.958,0,1832,62.24,3120.0,True
2025-04-21,盛香珍X亙美質珍,跨界聯名禮盒,member,年輕族群,144.0,144.0,0.0,1795.79,0.966,0,1235,68.11,3600.0,True
2025-04-28,盛香珍X亙美質珍,經典小泡芙,online,新客,82.03,86.4,0.051,733.85,1.014,0,1282,43.52,2160.0,True
2025-05-05,盛香珍X亙美質珍,限定風味小泡芙,store,新客,93.51,105.6,0.114,935.65,0.981,0,1664,51.03,2640.0,True
2025-05-12,盛香珍X亙美質珍,分享派對包,event,新客,96.92,124.8,0.223,1502.61,0.953,0,1854,57.16,3120.0,True
2025-05-19,盛香珍X亙美質珍,跨界聯名禮盒,member,新客,115.31,144.0,0.199,1831.82,0.938,0,2010,69.47,3600.0,True
2025-05-26,盛香珍X亙美質珍,經典小泡芙,online,熟客,70.29,86.4,0.186,562.23,0.983,0,1338,43.96,2160.0,True
2025-06-02,盛香珍X亙美質珍,限定風味小泡芙,store,熟客,85.09,105.6,0.194,1009.22,1.015,0,1916,49.26,2640.0,True
2025-06-09,盛香珍X亙美質珍,分享派對包,event,熟客,97.79,124.8,0.216,1535.71,0.986,0,1837,61.31,3120.0,True
2025-06-16,盛香珍X亙美質珍,跨界聯名禮盒,member,熟客,144.0,144.0,0.0,1859.36,0.912,0,1042,71.72,3600.0,True
2025-06-23,盛香珍X亙美質珍,經典小泡芙,online,親子,81.83,86.4,0.053,793.1,1.092,0,1294,41.54,2160.0,True
2025-06-30,盛香珍X亙美質珍,限定風味小泡芙,store,親子,93.32,105.6,0.116,962.41,0.893,0,1432,50.66,2640.0,True
2025-07-07,盛香珍X亙美質珍,分享派對包,event,親子,111.71,124.8,0.105,1520.18,0.914,1,1742,60.26,3120.0,True
2025-07-14,盛香珍X亙美質珍,跨界聯名禮盒,member,親子,123.87,144.0,0.14,1883.38,0.953,1,1730,69.25,3600.0,True
2025-07-21,盛香珍X亙美質珍,經典小泡芙,online,年輕族群,82.16,86.4,0.049,906.81,0.961,1,1168,43.25,2160.0,True
2025-07-28,盛香珍X亙美質珍,限定風味小泡芙,store,年輕族群,99.29,105.6,0.06,1111.27,0.98,1,1269,50.43,2640.0,True
2025-08-04,盛香珍X亙美質珍,分享派對包,event,年輕族群,105.22,124.8,0.157,1245.82,1.047,1,1557,58.13,3120.0,True
2025-08-11,盛香珍X亙美質珍,跨界聯名禮盒,member,年輕族群,119.43,144.0,0.171,1896.15,0.828,1,2203,67.15,3600.0,True
2025-08-18,盛香珍X亙美質珍,經典小泡芙,online,新客,86.4,86.4,0.0,534.31,1.112,1,1470,40.34,2160.0,True
2025-08-25,盛香珍X亙美質珍,限定風味小泡芙,store,新客,94.98,105.6,0.101,802.84,0.967,1,1706,50.69,2640.0,True
2025-09-01,盛香珍X亙美質珍,分享派對包,event,新客,99.68,124.8,0.201,1648.77,0.962,0,1745,61.9,3120.0,True
2025-09-08,盛香珍X亙美質珍,跨界聯名禮盒,member,新客,115.95,144.0,0.195,1831.8,1.055,0,2188,72.87,3600.0,True
2025-09-15,盛香珍X亙美質珍,經典小泡芙,online,熟客,82.53,86.4,0.045,651.48,1.07,0,1176,41.27,2160.0,True
2025-09-22,盛香珍X亙美質珍,限定風味小泡芙,store,熟客,105.32,105.6,0.003,938.19,0.934,0,1387,50.86,2640.0,True
2025-09-29,盛香珍X亙美質珍,分享派對包,event,熟客,111.35,124.8,0.108,1390.25,0.93,0,1542,60.57,3120.0,True
2025-10-06,盛香珍X亙美質珍,跨界聯名禮盒,member,熟客,132.68,144.0,0.079,1592.76,0.962,0,992,70.57,3600.0,True
2025-01-06,盛香珍X亙美質珍,經典小泡芙,online,親子,73.83,86.4,0.145,671.91,0.994,0,1328,39.7,2160.0,True
2025-01-13,盛香珍X亙美質珍,限定風味小泡芙,store,親子,95.41,105.6,0.097,791.5,1.023,0,1120,48.86,2640.0,True
2025-01-20,盛香珍X亙美質珍,分享派對包,event,親子,99.56,124.8,0.202,1384.59,0.929,0,1709,60.45,3120.0,True
2025-01-27,盛香珍X亙美質珍,跨界聯名禮盒,member,親子,136.07,144.0,0.055,1917.91,0.996,0,1661,70.56,3600.0,True
2025-02-03,盛香珍X亙美質珍,經典小泡芙,online,年輕族群,83.14,86.4,0.038,838.8,0.891,1,1323,43.09,2160.0,True
2025-02-10,盛香珍X亙美質珍,限定風味小泡芙,store,年輕族群,90.47,105.6,0.143,1085.21,0.849,1,1510,50.1,2640.0,True
2025-02-17,盛香珍X亙美質珍,分享派對包,event,年輕族群,99.55,124.8,0.202,1462.19,0.949,1,2177,60.9,3120.0,True
2025-02-24,盛香珍X亙美質珍,跨界聯名禮盒,member,年輕族群,135.28,144.0,0.061,1727.31,0.901,1,1405,66.35,3600.0,True
2025-03-03,盛香珍X亙美質珍,經典小泡芙,online,新客,78.62,86.4,0.09,500.0,1.02,0,1391,41.32,2160.0,True
2025-03-10,盛香珍X亙美質珍,限定風味小泡芙,store,新客,85.22,105.6,0.193,1076.51,1.002,0,1493,50.16,2640.0,True
2025-03-17,盛香珍X亙美質珍,分享派對包,event,新客,113.84,124.8,0.088,1577.47,0.924,0,1548,58.79,3120.0,True
2025-03-24,盛香珍X亙美質珍,跨界聯名禮盒,member,新客,128.76,144.0,0.106,1477.1,1.004,0,1623,71.21,3600.0,True
2025-03-31,盛香珍X亙美質珍,經典小泡芙,online,熟客,86.08,86.4,0.004,1040.53,0.968,0,1247,41.51,2160.0,True
2025-04-07,盛香珍X亙美質珍,限定風味小泡芙,store,熟客,83.55,105.6,0.209,960.38,0.863,0,1809,48.21,2640.0,True
2025-04-14,盛香珍X亙美質珍,分享派對包,event,熟客,105.52,124.8,0.154,1248.36,0.957,0,1821,59.18,3120.0,True
2025-04-21,盛香珍X亙美質珍,跨界聯名禮盒,member,熟客,144.0,144.0,0.0,1961.51,1.103,0,1267,69.9,3600.0,True
2025-04-28,盛香珍X亙美質珍,經典小泡芙,online,親子,86.4,86.4,0.0,1021.07,0.928,0,967,41.0,2160.0,True
2025-05-05,盛香珍X亙美質珍,限定風味小泡芙,store,親子,93.86,105.6,0.111,1196.68,0.905,0,1492,50.8,2640.0,True
2025-05-12,盛香珍X亙美質珍,分享派對包,event,親子,100.6,124.8,0.194,1439.79,0.959,0,1849,60.18,3120.0,True
2025-05-19,盛香珍X亙美質珍,跨界聯名禮盒,member,親子,131.77,144.0,0.085,1921.69,0.881,0,1231,67.8,3600.0,True
2025-05-26,盛香珍X亙美質珍,經典小泡芙,online,年輕族群,86.4,86.4,0.0,587.91,0.856,0,1208,40.48,2160.0,True
2025-06-02,盛香珍X亙美質珍,限定風味小泡芙,store,年輕族群,94.14,105.6,0.109,888.2,0.974,0,1122,50.81,2640.0,True
2025-06-09,盛香珍X亙美質珍,分享派對包,event,年輕族群,101.8,124.8,0.184,1295.75,0.893,0,1750,60.23,3120.0,True
2025-06-16,盛香珍X亙美質珍,跨界聯名禮盒,member,年輕族群,135.84,144.0,0.057,1813.42,1.062,0,1366,70.85,3600.0,True
2025-06-23,盛香珍X亙美質珍,經典小泡芙,online,新客,68.21,86.4,0.211,717.83,0.786,0,1945,42.55,2160.0,True
2025-06-30,盛香珍X亙美質珍,限定風味小泡芙,store,新客,105.6,105.6,0.0,1117.07,1.099,0,1158,49.43,2640.0,True
2025-07-07,盛香珍X亙美質珍,分享派對包,event,新客,118.87,124.8,0.047,1404.66,1.009,1,1323,61.6,3120.0,True
2025-07-14,盛香珍X亙美質珍,跨界聯名禮盒,member,新客,123.37,144.0,0.143,1639.36,1.026,1,1647,70.6,3600.0,True
2025-07-21,盛香珍X亙美質珍,經典小泡芙,online,熟客,70.28,86.4,0.187,1003.27,0.862,1,2043,43.17,2160.0,True
2025-07-28,盛香珍X亙美質珍,限定風味小泡芙,store,熟客,83.12,105.6,0.213,1344.39,0.935,1,2092,50.78,2640.0,True
2025-08-04,盛香珍X亙美質珍,分享派對包,event,熟客,118.2,124.8,0.053,1271.97,0.91,1,1105,59.36,3120.0,True
2025-08-11,盛香珍X亙美質珍,跨界聯名禮盒,member,熟客,123.7,144.0,0.141,1649.92,0.942,1,1970,68.61,3600.0,True
2025-08-18,盛香珍X亙美質珍,經典小泡芙,online,親子,76.29,86.4,0.117,695.68,0.906,1,1584,41.35,2160.0,True
2025-08-25,盛香珍X亙美質珍,限定風味小泡芙,store,親子,100.64,105.6,0.047,960.38,0.901,1,1407,52.6,2640.0,True
2025-09-01,盛香珍X亙美質珍,分享派對包,event,親子,124.8,124.8,0.0,1269.99,0.898,0,1108,61.22,3120.0,True
2025-09-08,盛香珍X亙美質珍,跨界聯名禮盒,member,親子,144.0,144.0,0.0,1733.04,0.859,0,1008,67.78,3600.0,True
2025-09-15,盛香珍X亙美質珍,經典小泡芙,online,年輕族群,69.52,86.4,0.195,913.48,0.952,0,1707,40.96,2160.0,True
2025-09-22,盛香珍X亙美質珍,限定風味小泡芙,store,年輕族群,89.08,105.6,0.156,997.08,0.836,0,1603,49.25,2640.0,True
2025-09-29,盛香珍X亙美質珍,分享派對包,event,年輕族群,105.98,124.8,0.151,1434.45,0.903,0,1339,60.89,3120.0,True
2025-10-06,盛香珍X亙美質珍,跨界聯名禮盒,member,年輕族群,116.61,144.0,0.19,1486.2,0.824,0,2102,68.6,3600.0,True
2025-01-06,盛香珍X亙美質珍,經典小泡芙,online,新客,86.4,86.4,0.0,1001.87,0.977,0,1116,42.82,2160.0,True
2025-01-13,盛香珍X亙美質珍,限定風味小泡芙,store,新客,104.92,105.6,0.006,968.04,1.033,0,1256,50.25,2640.0,True
2025-01-20,盛香珍X亙美質珍,分享派對包,event,新客,124.8,124.8,0.0,1447.21,0.941,0,1260,60.98,3120.0,True
2025-01-27,盛香珍X亙美質珍,跨界聯名禮盒,member,新客,144.0,144.0,0.0,1959.32,0.892,0,1536,70.26,3600.0,True
2025-02-03,盛香珍X亙美質珍,經典小泡芙,online,熟客,70.11,86.4,0.189,500.0,0.971,1,1921,42.48,2160.0,True
2025-02-10,盛香珍X亙美質珍,限定風味小泡芙,store,熟客,99.57,105.6,0.057,1170.34,0.856,1,1316,50.74,2640.0,True
2025-02-17,盛香珍X亙美質珍,分享派對包,event,熟客,107.89,124.8,0.136,1146.2,0.928,1,1536,58.61,3120.0,True
2025-02-24,盛香珍X亙美質珍,跨界聯名禮盒,member,熟客,114.97,144.0,0.202,1653.27,0.858,1,2204,67.2,3600.0,True
2025-03-03,盛香珍X亙美質珍,經典小泡芙,online,親子,86.4,86.4,0.0,855.31,1.107,0,1289,42.09,2160.0,True
2025-03-10,盛香珍X亙美質珍,限定風味小泡芙,store,親子,85.92,105.6,0.186,1204.01,0.841,0,1679,50.58,2640.0,True
2025-03-17,盛香珍X亙美質珍,分享派對包,event,親子,117.63,124.8,0.057,1318.72,0.996,0,1351,60.08,3120.0,True
2025-03-24,盛香珍X亙美質珍,跨界聯名禮盒,member,親子,115.45,144.0,0.198,1787.85,0.924,0,1944,69.46,3600.0,True
2025-03-31,盛香珍X亙美質珍,經典小泡芙,online,年輕族群,81.21,86.4,0.06,500.0,0.971,0,1162,39.84,2160.0,True
2025-04-07,盛香珍X亙美質珍,限定風味小泡芙,store,年輕族群,84.16,105.6,0.203,1386.33,0.957,0,1695,50.13,2640.0,True
2025-04-14,盛香珍X亙美質珍,分享派對包,event,年輕族群,100.45,124.8,0.195,1004.9,0.947,0,1700,64.09,3120.0,True
2025-04-21,盛香珍X亙美質珍,跨界聯名禮盒,member,年輕族群,121.95,144.0,0.153,1692.65,0.936,0,1919,71.39,3600.0,True
2025-04-28,盛香珍X亙美質珍,經典小泡芙,online,新客,67.2,86.4,0.222,763.02,0.986,0,1851,40.7,2160.0,True
2025-05-05,盛香珍X亙美質珍,限定風味小泡芙,store,新客,88.75,105.6,0.16,999.11,0.985,0,1295,51.06,2640.0,True
2025-05-12,盛香珍X亙美質珍,分享派對包,event,新客,107.29,124.8,0.14,1382.05,1.009,0,1679,58.44,3120.0,True
2025-05-19,盛香珍X亙美質珍,跨界聯名禮盒,member,新客,144.0,144.0,0.0,1715.98,1.006,0,1256,67.66,3600.0,True
2025-05-26,盛香珍X亙美質珍,經典小泡芙,online,熟客,76.87,86.4,0.11,551.69,1.133,0,1470,41.0,2160.0,True
2025-06-02,盛香珍X亙美質珍,限定風味小泡芙,store,熟客,94.47,105.6,0.105,1195.93,0.874,0,1394,50.81,2640.0,True
2025-06-09,盛香珍X亙美質珍,分享派對包,event,熟客,106.64,124.8,0.146,1248.06,1.1,0,1521,60.72,3120.0,True
2025-06-16,盛香珍X亙美質珍,跨界聯名禮盒,member,熟客,118.73,144.0,0.176,1926.51,0.899,0,1650,69.84,3600.0,True
2025-06-23,盛香珍X亙美質珍,經典小泡芙,online,親子,69.59,86.4,0.195,910.92,0.998,0,1696,40.86,2160.0,True
2025-06-30,盛香珍X亙美質珍,限定風味小泡芙,store,親子,104.84,105.6,0.007,795.23,0.913,0,1250,51.17,2640.0,True
2025-07-07,盛香珍X亙美質珍,分享派對包,event,親子,119.12,124.8,0.046,1602.8,1.01,1,1558,60.1,3120.0,True
2025-07-14,盛香珍X亙美質珍,跨界聯名禮盒,member,親子,136.32,144.0,0.053,1556.55,0.833,1,1474,67.37,3600.0,True
2025-07-21,盛香珍X亙美質珍,經典小泡芙,online,年輕族群,70.09,86.4,0.189,736.47,0.931,1,2035,40.92,2160.0,True
2025-07-28,盛香珍X亙美質珍,限定風味小泡芙,store,年輕族群,89.73,105.6,0.15,1139.94,1.002,1,1924,50.37,2640.0,True
2025-08-04,盛香珍X亙美質珍,分享派對包,event,年輕族群,124.57,124.8,0.002,1272.47,0.871,1,1426,62.06,3120.0,True
2025-08-11,盛香珍X亙美質珍,跨界聯名禮盒,member,年輕族群,114.44,144.0,0.205,1790.11,1.089,1,2326,72.67,3600.0,True
2025-08-18,盛香珍X亙美質珍,經典小泡芙,online,新客,80.76,86.4,0.065,759.83,0.952,1,1391,43.94,2160.0,True
2025-08-25,盛香珍X亙美質珍,限定風味小泡芙,store,新客,83.77,105.6,0.207,1184.34,0.926,1,2227,53.45,2640.0,True
2025-09-01,盛香珍X亙美質珍,分享派對包,event,新客,106.06,124.8,0.15,1263.03,1.034,0,1330,60.22,3120.0,True
2025-09-08,盛香珍X亙美質珍,跨界聯名禮盒,member,新客,116.41,144.0,0.192,1318.34,1.021,0,1881,70.64,3600.0,True
2025-09-15,盛香珍X亙美質珍,經典小泡芙,online,熟客,81.95,86.4,0.052,787.44,0.857,0,1163,40.6,2160.0,True
2025-09-22,盛香珍X亙美質珍,限定風味小泡芙,store,熟客,99.05,105.6,0.062,1268.6,1.014,0,1414,53.48,2640.0,True
2025-09-29,盛香珍X亙美質珍,分享派對包,event,熟客,100.16,124.8,0.197,,1.099,0,1911,61.5,3120.0,True
2025-10-06,盛香珍X亙美質珍,跨界聯名禮盒,member,熟客,143.84,144.0,0.001,1799.26,0.889,0,1085,71.74,3600.0,True
2025-01-06,盛香珍X亙美質珍,經典小泡芙,online,親子,86.4,86.4,0.0,527.64,0.953,0,990,42.16,2160.0,True
2025-01-13,盛香珍X亙美質珍,限定風味小泡芙,store,親子,98.43,105.6,0.068,1161.62,0.937,0,1195,50.08,2640.0,True
2025-01-20,盛香珍X亙美質珍,分享派對包,event,親子,107.74,124.8,0.137,1530.42,0.932,0,1237,61.07,3120.0,True
2025-01-27,盛香珍X亙美質珍,跨界聯名禮盒,member,親子,115.85,144.0,0.196,1833.9,0.9,0,1705,69.91,3600.0,True
2025-02-03,盛香珍X亙美質珍,經典小泡芙,online,年輕族群,79.54,86.4,0.079,945.85,1.002,1,1496,39.7,2160.0,True
2025-02-10,盛香珍X亙美質珍,限定風味小泡芙,store,年輕族群,94.39,105.6,0.106,853.7,0.839,1,1773,52.57,2640.0,True
2025-02-17,盛香珍X亙美質珍,分享派對包,event,年輕族群,124.09,124.8,0.006,1463.64,0.839,1,1435,60.72,3120.0,True
2025-02-24,盛香珍X亙美質珍,跨界聯名禮盒,member,年輕族群,138.17,144.0,0.04,1912.43,0.913,1,1624,67.72,3600.0,True
2025-03-03,盛香珍X亙美質珍,經典小泡芙,online,新客,76.27,86.4,0.117,500.0,1.033,0,1680,43.66,2160.0,True
2025-03-10,盛香珍X亙美質珍,限定風味小泡芙,store,新客,94.11,105.6,0.109,1070.22,0.867,0,1303,48.5,2640.0,True
2025-03-17,盛香珍X亙美質珍,分享派對包,event,新客,100.28,124.8,0.196,1330.98,1.082,0,1871,62.28,3120.0,True
2025-03-24,盛香珍X亙美質珍,跨界聯名禮盒,member,新客,129.43,144.0,0.101,1662.96,0.93,0,1772,68.96,3600.0,True
2025-03-31,盛香珍X亙美質珍,經典小泡芙,online,熟客,77.85,86.4,0.099,933.61,0.954,0,1584,40.52,2160.0,True
2025-04-07,盛香珍X亙美質珍,限定風味小泡芙,store,熟客,101.46,105.6,0.039,1202.97,0.97,0,1483,51.68,2640.0,True
2025-04-14,盛香珍X亙美質珍,分享派對包,event,熟客,111.33,124.8,0.108,1644.24,0.801,0,1680,59.38,3120.0,True
2025-04-21,盛香珍X亙美質珍,跨界聯名禮盒,member,熟客,129.42,144.0,0.101,1408.94,0.905,0,1441,68.91,3600.0,True
2025-04-28,盛香珍X亙美質珍,經典小泡芙,online,親子,68.4,86.4,0.208,981.88,0.807,0,1738,40.8,2160.0,True
2025-05-05,盛香珍X亙美質珍,限定風味小泡芙,store,親子,105.11,105.6,0.005,1299.38,0.978,0,1253,51.56,2640.0,True
2025-05-12,盛香珍X亙美質珍,分享派對包,event,親子,99.36,124.8,0.204,1155.2,0.969,0,1978,62.7,3120.0,True
2025-05-19,盛香珍X亙美質珍,跨界聯名禮盒,member,親子,129.6,144.0,0.1,1716.76,0.906,0,1467,67.81,3600.0,True
2025-05-26,盛香珍X亙美質珍,經典小泡芙,online,年輕族群,79.58,86.4,0.079,805.23,1.017,0,956,42.11,2160.0,True
2025-06-02,盛香珍X亙美質珍,限定風味小泡芙,store,年輕族群,95.32,105.6,0.097,1244.39,0.91,0,1447,52.17,2640.0,True
2025-06-09,盛香珍X亙美質珍,分享派對包,event,年輕族群,113.13,124.8,0.094,1353.76,0.829,0,1658,60.27,3120.0,True
2025-06-16,盛香珍X亙美質珍,跨界聯名禮盒,member,年輕族群,126.2,144.0,0.124,1894.05,0.974,0,1690,65.1,3600.0,True
2025-06-23,盛香珍X亙美質珍,經典小泡芙,online,新客,86.4,86.4,0.0,896.54,1.032,0,1011,41.98,2160.0,True
2025-06-30,盛香珍X亙美質珍,限定風味小泡芙,store,新客,85.34,105.6,0.192,1031.81,1.027,0,1796,49.67,2640.0,True
2025-07-07,盛香珍X亙美質珍,分享派對包,event,新客,123.14,124.8,0.013,1600.33,0.965,1,1544,59.19,3120.0,True
2025-07-14,盛香珍X亙美質珍,跨界聯名禮盒,member,新客,128.18,144.0,0.11,2090.96,0.923,1,1899,68.07,3600.0,True
2025-07-21,盛香珍X亙美質珍,經典小泡芙,online,熟客,73.99,86.4,0.144,636.49,1.059,1,2037,41.24,2160.0,True
2025-07-28,盛香珍X亙美質珍,限定風味小泡芙,store,熟客,89.56,105.6,0.152,775.79,0.912,1,2018,50.23,2640.0,True
2025-08-04,盛香珍X亙美質珍,分享派對包,event,熟客,106.82,124.8,0.144,1617.49,0.947,1,1755,64.14,3120.0,True
2025-08-11,盛香珍X亙美質珍,跨界聯名禮盒,member,熟客,129.78,144.0,0.099,1589.7,0.949,1,1757,66.51,3600.0,True
2025-08-18,盛香珍X亙美質珍,經典小泡芙,online,親子,73.34,86.4,0.151,555.76,0.959,1,1667,43.44,2160.0,True
2025-08-25,盛香珍X亙美質珍,限定風味小泡芙,store,親子,105.6,105.6,0.0,1327.2,0.934,1,1264,51.31,2640.0,True
2025-09-01,盛香珍X亙美質珍,分享派對包,event,親子,101.26,124.8,0.189,1669.41,1.028,0,1709,61.72,3120.0,True
2025-09-08,盛香珍X亙美質珍,跨界聯名禮盒,member,親子,122.09,144.0,0.152,1737.0,0.915,0,1735,67.83,3600.0,True
2025-09-15,盛香珍X亙美質珍,經典小泡芙,online,年輕族群,71.14,86.4,0.177,1106.46,0.987,0,1628,39.9,2160.0,True
2025-09-22,盛香珍X亙美質珍,限定風味小泡芙,store,年輕族群,104.27,105.6,0.013,1346.01,0.971,0,1356,52.85,2640.0,True
2025-09-29,盛香珍X亙美質珍,分享派對包,event,年輕族群,101.36,124.8,0.188,1455.23,0.859,0,1649,60.05,3120.0,True
2025-10-06,盛香珍X亙美質珍,跨界聯名禮盒,member,年輕族群,116.98,144.0,0.188,1802.75,1.011,0,1854,68.89,3600.0,True
2025-01-06,盛香珍X亙美質珍,經典小泡芙,online,新客,74.23,86.4,0.141,817.92,0.985,0,1464,41.27,2160.0,True
2025-01-13,盛香珍X亙美質珍,限定風味小泡芙,store,新客,90.98,105.6,0.138,1039.58,0.975,0,1515,51.39,2640.0,True
2025-01-20,盛香珍X亙美質珍,分享派對包,event,新客,105.39,124.8,0.156,1384.08,0.961,0,1877,59.28,3120.0,True
2025-01-27,盛香珍X亙美質珍,跨界聯名禮盒,member,新客,124.32,144.0,0.137,1872.43,0.867,0,1740,69.88,3600.0,True
2025-02-03,盛香珍X亙美質珍,經典小泡芙,online,熟客,86.4,86.4,0.0,564.37,0.95,1,1264,39.84,2160.0,True
2025-02-10,盛香珍X亙美質珍,限定風味小泡芙,store,熟客,104.49,105.6,0.01,1386.22,0.954,1,1333,50.76,2640.0,True
2025-02-17,盛香珍X亙美質珍,分享派對包,event,熟客,97.55,124.8,0.218,1612.11,0.836,1,1867,60.89,3120.0,True
2025-02-24,盛香珍X亙美質珍,跨界聯名禮盒,member,熟客,138.09,144.0,0.041,1686.94,0.925,1,1594,69.09,3600.0,True
2025-03-03,盛香珍X亙美質珍,經典小泡芙,online,親子,86.07,86.4,0.004,824.96,0.961,0,1280,41.41,2160.0,True
2025-03-10,盛香珍X亙美質珍,限定風味小泡芙,store,親子,99.9,105.6,0.054,1322.04,0.974,0,1228,51.81,2640.0,True
2025-03-17,盛香珍X亙美質珍,分享派對包,event,親子,117.58,124.8,0.058,978.99,1.127,0,1161,58.07,3120.0,True
2025-03-24,盛香珍X亙美質珍,跨界聯名禮盒,member,親子,129.56,144.0,0.1,1585.98,0.976,0,1650,70.19,3600.0,True
2025-03-31,盛香珍X亙美質珍,經典小泡芙,online,年輕族群,82.98,86.4,0.04,765.96,0.956,0,1529,42.44,2160.0,True
2025-04-07,盛香珍X亙美質珍,限定風味小泡芙,store,年輕族群,84.23,105.6,0.202,1122.32,0.95,0,1656,50.87,2640.0,True
2025-04-14,盛香珍X亙美質珍,分享派對包,event,年輕族群,124.42,124.8,0.003,1507.38,0.873,0,1035,60.11,3120.0,True
2025-04-21,盛香珍X亙美質珍,跨界聯名禮盒,member,年輕族群,115.34,144.0,0.199,1769.03,0.962,0,2054,71.02,3600.0,True
2025-04-28,盛香珍X亙美質珍,經典小泡芙,online,新客,82.67,86.4,0.043,679.25,1.031,0,1332,40.5,2160.0,True
2025-05-05,盛香珍X亙美質珍,限定風味小泡芙,store,新客,91.3,105.6,0.135,873.36,0.971,0,1443,53.03,2640.0,True
2025-05-12,盛香珍X亙美質珍,分享派對包,event,新客,118.41,124.8,0.051,1770.92,0.956,0,1334,58.2,3120.0,True
2025-05-19,盛香珍X亙美質珍,跨界聯名禮盒,member,新客,122.08,144.0,0.152,1758.89,0.946,0,1763,69.42,3600.0,True
2025-05-26,盛香珍X亙美質珍,經典小泡芙,online,熟客,81.73,86.4,0.054,842.76,0.894,0,1552,39.42,2160.0,True
2025-06-02,盛香珍X亙美質珍,限定風味小泡芙,store,熟客,105.6,105.6,0.0,740.55,1.007,0,1083,50.86,2640.0,True
2025-06-09,盛香珍X亙美質珍,分享派對包,event,熟客,115.85,124.8,0.072,1615.04,0.935,0,1220,59.7,3120.0,True
2025-06-16,盛香珍X亙美質珍,跨界聯名禮盒,member,熟客,143.62,144.0,0.003,1766.47,0.944,0,1300,70.28,3600.0,True
2025-06-23,盛香珍X亙美質珍,經典小泡芙,online,親子,86.4,86.4,0.0,536.62,1.015,0,1149,42.09,2160.0,True
2025-06-30,盛香珍X亙美質珍,限定風味小泡芙,store,親子,93.98,105.6,0.11,1093.64,0.914,0,1324,50.84,2640.0,True
2025-07-07,盛香珍X亙美質珍,分享派對包,event,親子,111.37,124.8,0.108,1432.52,1.002,1,1417,58.07,3120.0,True
2025-07-14,盛香珍X亙美質珍,跨界聯名禮盒,member,親子,115.82,144.0,0.196,1601.71,1.093,1,1813,70.38,3600.0,True
2025-07-21,盛香珍X亙美質珍,經典小泡芙,online,年輕族群,82.38,86.4,0.047,976.79,0.965,1,1346,42.39,2160.0,True
2025-07-28,盛香珍X亙美質珍,限定風味小泡芙,store,年輕族群,105.55,105.6,0.0,1102.42,1.089,1,1445,50.96,2640.0,True
2025-08-04,盛香珍X亙美質珍,分享派對包,event,年輕族群,119.05,124.8,0.046,1300.64,1.027,1,1509,58.72,3120.0,True
2025-08-11,盛香珍X亙美質珍,跨界聯名禮盒,member,年輕族群,114.24,144.0,0.207,1845.12,1.086,1,1926,69.18,3600.0,True
2025-08-18,盛香珍X亙美質珍,經典小泡芙,online,新客,84.81,86.4,0.018,500.0,1.068,1,1339,41.58,2160.0,True
2025-08-25,盛香珍X亙美質珍,限定風味小泡芙,store,新客,94.39,105.6,0.106,1631.2,0.973,1,1490,51.02,2640.0,True
2025-09-01,盛香珍X亙美質珍,分享派對包,event,新客,104.61,124.8,0.162,1584.24,0.981,0,1654,59.08,3120.0,True
2025-09-08,盛香珍X亙美質珍,跨界聯名禮盒,member,新客,113.42,144.0,0.212,1636.43,0.961,0,1923,69.88,3600.0,True
2025-09-15,盛香珍X亙美質珍,經典小泡芙,online,熟客,69.41,86.4,0.197,903.83,0.855,0,1560,40.21,2160.0,True
2025-09-22,盛香珍X亙美質珍,限定風味小泡芙,store,熟客,89.49,105.6,0.153,1109.41,0.961,0,1502,47.68,2640.0,True
2025-09-29,盛香珍X亙美質珍,分享派對包,event,熟客,105.7,124.8,0.153,1567.52,0.814,0,1700,58.77,3120.0,True
2025-10-06,盛香珍X亙美質珍,跨界聯名禮盒,member,熟客,144.0,144.0,0.0,1629.14,0.797,0,1062,70.08,3600.0,True
2025-01-06,盛香珍X亙美質珍,經典小泡芙,online,親子,68.25,86.4,0.21,875.08,0.864,0,1560,40.47,2160.0,True
2025-01-13,盛香珍X亙美質珍,限定風味小泡芙,store,親子,100.14,105.6,0.052,1093.33,1.041,0,1301,48.74,2640.0,True
2025-01-20,盛香珍X亙美質珍,分享派對包,event,親子,98.0,124.8,0.215,1272.98,0.87,0,2084,58.58,3120.0,True
2025-01-27,盛香珍X亙美質珍,跨界聯名禮盒,member,親子,130.83,144.0,0.091,2015.93,0.98,0,1544,69.72,3600.0,True
2025-02-03,盛香珍X亙美質珍,經典小泡芙,online,年輕族群,85.97,86.4,0.005,715.29,0.978,1,1243,41.82,2160.0,True
2025-02-10,盛香珍X亙美質珍,限定風味小泡芙,store,年輕族群,94.82,105.6,0.102,1262.02,0.848,1,1315,52.94,2640.0,True
2025-02-17,盛香珍X亙美質珍,分享派對包,event,年輕族群,119.49,124.8,0.043,1325.58,0.972,1,1496,59.92,3120.0,True
2025-02-24,盛香珍X亙美質珍,跨界聯名禮盒,member,年輕族群,120.11,144.0,0.166,1779.1,0.981,1,2156,67.14,3600.0,True
2025-03-03,盛香珍X亙美質珍,經典小泡芙,online,新客,71.19,86.4,0.176,842.07,0.863,0,1627,42.33,2160.0,True
2025-03-10,盛香珍X亙美質珍,限定風味小泡芙,store,新客,99.68,105.6,0.056,1000.79,0.971,0,1168,51.49,2640.0,True
2025-03-17,盛香珍X亙美質珍,分享派對包,event,新客,102.29,124.8,0.18,1316.13,0.921,0,1565,61.67,3120.0,True
2025-03-24,盛香珍X亙美質珍,跨界聯名禮盒,member,新客,144.0,144.0,0.0,1654.68,0.908,0,1316,69.19,3600.0,True
2025-03-31,盛香珍X亙美質珍,經典小泡芙,online,熟客,69.34,86.4,0.197,521.52,0.954,0,1615,42.36,2160.0,True
2025-04-07,盛香珍X亙美質珍,限定風味小泡芙,store,熟客,105.6,105.6,0.0,1226.19,1.121,0,1226,51.29,2640.0,True
2025-04-14,盛香珍X亙美質珍,分享派對包,event,熟客,100.58,124.8,0.194,1349.62,0.959,0,1730,60.1,3120.0,True
2025-04-21,盛香珍X亙美質珍,跨界聯名禮盒,member,熟客,140.73,144.0,0.023,1940.94,0.882,0,1214,69.27,3600.0,True
2025-04-28,盛香珍X亙美質珍,經典小泡芙,online,親子,77.47,86.4,0.103,561.88,0.813,0,1381,40.48,2160.0,True
2025-05-05,盛香珍X亙美質珍,限定風味小泡芙,store,親子,94.16,105.6,0.108,1064.59,0.905,0,1273,51.15,2640.0,True
2025-05-12,盛香珍X亙美質珍,分享派對包,event,親子,107.93,124.8,0.135,1506.54,0.977,0,1691,59.19,3120.0,True
2025-05-19,盛香珍X亙美質珍,跨界聯名禮盒,member,親子,144.0,144.0,0.0,1701.31,0.986,0,1247,65.37,3600.0,True
2025-05-26,盛香珍X亙美質珍,經典小泡芙,online,年輕族群,68.97,86.4,0.202,582.79,0.867,0,1847,40.86,2160.0,True
2025-06-02,盛香珍X亙美質珍,限定風味小泡芙,store,年輕族群,84.63,105.6,0.199,1120.85,0.848,0,1613,52.66,2640.0,True
2025-06-09,盛香珍X亙美質珍,分享派對包,event,年輕族群,107.29,124.8,0.14,1057.58,1.065,0,1572,60.75,3120.0,True
2025-06-16,盛香珍X亙美質珍,跨界聯名禮盒,member,年輕族群,119.36,144.0,0.171,1993.69,0.877,0,1948,69.75,3600.0,True
2025-06-23,盛香珍X亙美質珍,經典小泡芙,online,新客,69.09,86.4,0.2,1089.91,0.973,0,1635,42.85,2160.0,True
2025-06-30,盛香珍X亙美質珍,限定風味小泡芙,store,新客,105.6,105.6,0.0,1429.42,0.869,0,1317,50.8,2640.0,True
2025-07-07,盛香珍X亙美質珍,分享派對包,event,新客,124.55,124.8,0.002,1387.14,0.885,1,1327,58.0,3120.0,True
2025-07-14,盛香珍X亙美質珍,跨界聯名禮盒,member,新客,122.72,144.0,0.148,1396.47,1.012,1,1972,68.48,3600.0,True
2025-07-21,盛香珍X亙美質珍,經典小泡芙,online,熟客,69.29,86.4,0.198,847.02,0.89,1,1983,41.79,2160.0,True
2025-07-28,盛香珍X亙美質珍,限定風味小泡芙,store,熟客,90.02,105.6,0.147,1080.69,0.945,1,1806,51.12,2640.0,True
2025-08-04,盛香珍X亙美質珍,分享派對包,event,熟客,118.22,124.8,0.053,1227.43,0.827,1,1435,60.72,3120.0,True
2025-08-11,盛香珍X亙美質珍,跨界聯名禮盒,member,熟客,131.26,144.0,0.088,1535.92,1.088,1,1459,69.28,3600.0,True
2025-08-18,盛香珍X亙美質珍,經典小泡芙,online,親子,81.8,86.4,0.053,670.17,1.134,1,1567,41.78,2160.0,True
2025-08-25,盛香珍X亙美質珍,限定風味小泡芙,store,親子,105.6,105.6,0.0,896.92,0.876,1,1628,50.91,2640.0,True
2025-09-01,盛香珍X亙美質珍,分享派對包,event,親子,110.62,124.8,0.114,1292.99,0.966,0,1440,63.2,3120.0,True
2025-09-08,盛香珍X亙美質珍,跨界聯名禮盒,member,親子,123.71,144.0,0.141,2045.23,0.878,0,1739,71.38,3600.0,True
2025-09-15,盛香珍X亙美質珍,經典小泡芙,online,年輕族群,67.69,86.4,0.217,863.08,0.877,0,1830,40.18,2160.0,True
2025-09-22,盛香珍X亙美質珍,限定風味小泡芙,store,年輕族群,94.53,105.6,0.105,1016.53,0.939,0,1597,50.74,2640.0,True
2025-09-29,盛香珍X亙美質珍,分享派對包,event,年輕族群,124.8,124.8,0.0,1158.53,1.045,0,1145,59.4,3120.0,True
2025-10-06,盛香珍X亙美質珍,跨界聯名禮盒,member,年輕族群,143.65,144.0,0.002,1362.74,0.911,0,1294,68.92,3600.0,True
2025-01-06,寶島眼鏡,日常鏡框,online,新客,3744.0,3744.0,0.0,25996.47,0.928,0,221,1605.47,93600.0,True
2025-01-13,寶島眼鏡,機能鏡片,store,新客,4576.0,4576.0,0.0,52132.09,0.884,0,260,1995.94,114400.0,True
2025-01-20,寶島眼鏡,親子視覺健康,event,新客,4545.34,5408.0,0.16,58763.29,0.961,0,345,2343.06,135200.0,True
2025-01-27,寶島眼鏡,智慧門市會員方案,member,新客,4993.79,6240.0,0.2,62108.99,0.984,0,407,2689.68,156000.0,True
2025-02-03,寶島眼鏡,日常鏡框,online,熟客,3553.32,3744.0,0.051,39367.41,0.909,1,284,1576.66,93600.0,True
2025-02-10,寶島眼鏡,機能鏡片,store,熟客,4283.71,4576.0,0.064,49766.95,1.045,1,302,1914.22,114400.0,True
2025-02-17,寶島眼鏡,親子視覺健康,event,熟客,5408.0,5408.0,0.0,59136.42,0.85,1,315,2309.01,135200.0,True
2025-02-24,寶島眼鏡,智慧門市會員方案,member,熟客,5312.21,6240.0,0.149,79314.77,0.959,1,423,2627.19,156000.0,True
2025-03-03,寶島眼鏡,日常鏡框,online,親子,2948.21,3744.0,0.213,29401.69,1.037,0,302,1572.29,93600.0,True
2025-03-10,寶島眼鏡,機能鏡片,store,親子,3727.5,4576.0,0.185,36771.64,0.938,0,279,1967.49,114400.0,True
2025-03-17,寶島眼鏡,親子視覺健康,event,親子,4330.25,5408.0,0.199,52100.8,1.06,0,328,2223.25,135200.0,True
2025-03-24,寶島眼鏡,智慧門市會員方案,member,親子,5429.34,6240.0,0.13,75836.27,0.965,0,406,2622.5,156000.0,True
2025-03-31,寶島眼鏡,日常鏡框,online,年輕族群,3159.28,3744.0,0.156,41498.2,1.033,0,266,1611.49,93600.0,True
2025-04-07,寶島眼鏡,機能鏡片,store,年輕族群,4264.77,4576.0,0.068,47670.52,0.868,0,285,1847.76,114400.0,True
2025-04-14,寶島眼鏡,親子視覺健康,event,年輕族群,4265.9,5408.0,0.211,46377.76,0.982,0,332,2412.51,135200.0,True
2025-04-21,寶島眼鏡,智慧門市會員方案,member,年輕族群,5400.66,6240.0,0.135,82582.22,0.964,0,431,2683.2,156000.0,True
2025-04-28,寶島眼鏡,日常鏡框,online,新客,3005.21,3744.0,0.197,31489.37,0.953,0,268,1646.56,93600.0,True
2025-05-05,寶島眼鏡,機能鏡片,store,新客,3618.57,4576.0,0.209,37560.52,0.85,0,321,1936.73,114400.0,True
2025-05-12,寶島眼鏡,親子視覺健康,event,新客,4555.44,5408.0,0.158,70900.41,1.019,0,402,2166.68,135200.0,True
2025-05-19,寶島眼鏡,智慧門市會員方案,member,新客,6240.0,6240.0,0.0,85223.2,1.066,0,369,2649.66,156000.0,True
2025-05-26,寶島眼鏡,日常鏡框,online,熟客,3713.88,3744.0,0.008,45037.03,0.973,0,284,1633.07,93600.0,True
2025-06-02,寶島眼鏡,機能鏡片,store,熟客,3860.63,4576.0,0.156,47515.51,1.036,0,289,1811.98,114400.0,True
2025-06-09,寶島眼鏡,親子視覺健康,event,熟客,4922.79,5408.0,0.09,71823.1,0.842,0,363,2315.27,135200.0,True
2025-06-16,寶島眼鏡,智慧門市會員方案,member,熟客,5542.42,6240.0,0.112,80476.64,1.04,0,396,2644.96,156000.0,True
2025-06-23,寶島眼鏡,日常鏡框,online,親子,3491.74,3744.0,0.067,34059.09,0.985,0,255,1597.8,93600.0,True
2025-06-30,寶島眼鏡,機能鏡片,store,親子,4098.63,4576.0,0.104,,0.961,0,335,1998.96,114400.0,True
2025-07-07,寶島眼鏡,親子視覺健康,event,親子,4343.7,5408.0,0.197,48198.26,0.889,1,352,2259.85,135200.0,True
2025-07-14,寶島眼鏡,智慧門市會員方案,member,親子,5666.96,6240.0,0.092,88947.51,0.866,1,446,2660.84,156000.0,True
2025-07-21,寶島眼鏡,日常鏡框,online,年輕族群,3555.38,3744.0,0.05,35522.32,0.85,1,260,1620.27,93600.0,True
2025-07-28,寶島眼鏡,機能鏡片,store,年輕族群,4576.0,4576.0,0.0,56168.79,1.054,1,310,1972.05,114400.0,True
2025-08-04,寶島眼鏡,親子視覺健康,event,年輕族群,4867.49,5408.0,0.1,56825.83,1.027,1,329,2407.96,135200.0,True
2025-08-11,寶島眼鏡,智慧門市會員方案,member,年輕族群,5864.45,6240.0,0.06,80208.42,1.005,1,422,2591.6,156000.0,True
2025-08-18,寶島眼鏡,日常鏡框,online,新客,2971.98,3744.0,0.206,24596.81,0.959,1,268,1638.79,93600.0,True
2025-08-25,寶島眼鏡,機能鏡片,store,新客,3898.62,4576.0,0.148,46761.51,1.036,1,355,1937.64,114400.0,True
2025-09-01,寶島眼鏡,親子視覺健康,event,新客,4785.73,5408.0,0.115,75989.04,1.049,0,380,2313.73,135200.0,True
2025-09-08,寶島眼鏡,智慧門市會員方案,member,新客,5233.04,6240.0,0.161,78086.06,0.885,0,392,2739.04,156000.0,True
2025-09-15,寶島眼鏡,日常鏡框,online,熟客,3469.21,3744.0,0.073,32994.54,0.834,0,226,1657.83,93600.0,True
2025-09-22,寶島眼鏡,機能鏡片,store,熟客,4576.0,4576.0,0.0,43259.21,0.939,0,275,1869.58,114400.0,True
2025-09-29,寶島眼鏡,親子視覺健康,event,熟客,5408.0,5408.0,0.0,51337.97,1.01,0,274,2348.76,135200.0,True
2025-10-06,寶島眼鏡,智慧門市會員方案,member,熟客,6240.0,6240.0,0.0,67333.63,1.035,0,363,2656.46,156000.0,True
2025-01-06,寶島眼鏡,日常鏡框,online,親子,3400.4,3744.0,0.092,35558.36,1.019,0,246,1665.67,93600.0,True
2025-01-13,寶島眼鏡,機能鏡片,store,親子,4320.21,4576.0,0.056,37152.79,0.91,0,279,1980.23,114400.0,True
2025-01-20,寶島眼鏡,親子視覺健康,event,親子,4360.31,5408.0,0.194,54796.81,1.052,0,345,2296.09,135200.0,True
2025-01-27,寶島眼鏡,智慧門市會員方案,member,親子,6235.6,6240.0,0.001,72003.55,0.835,0,331,2714.08,156000.0,True
2025-02-03,寶島眼鏡,日常鏡框,online,年輕族群,2952.21,3744.0,0.211,24670.02,0.948,1,284,1603.34,93600.0,True
2025-02-10,寶島眼鏡,機能鏡片,store,年輕族群,4576.0,4576.0,0.0,39791.19,0.985,1,253,2039.53,114400.0,True
2025-02-17,寶島眼鏡,親子視覺健康,event,年輕族群,4665.52,5408.0,0.137,56680.89,0.931,1,354,2379.44,135200.0,True
2025-02-24,寶島眼鏡,智慧門市會員方案,member,年輕族群,5853.16,6240.0,0.062,72572.7,1.135,1,374,2578.48,156000.0,True
2025-03-03,寶島眼鏡,日常鏡框,online,新客,3367.96,3744.0,0.1,35114.76,0.818,0,274,1572.78,93600.0,True
2025-03-10,寶島眼鏡,機能鏡片,store,新客,4576.0,4576.0,0.0,47077.31,1.014,0,248,1982.2,114400.0,True
2025-03-17,寶島眼鏡,親子視覺健康,event,新客,5157.18,5408.0,0.046,48286.76,0.961,0,278,2351.85,135200.0,True
2025-03-24,寶島眼鏡,智慧門市會員方案,member,新客,5577.95,6240.0,0.106,75436.08,0.995,0,385,2554.13,156000.0,True
2025-03-31,寶島眼鏡,日常鏡框,online,熟客,3362.18,3744.0,0.102,20287.57,0.95,0,212,1552.86,93600.0,True
2025-04-07,寶島眼鏡,機能鏡片,store,熟客,3973.56,4576.0,0.132,45394.87,0.945,0,290,2020.36,114400.0,True
2025-04-14,寶島眼鏡,親子視覺健康,event,熟客,5125.25,5408.0,0.052,64214.99,1.041,0,355,2328.8,135200.0,True
2025-04-21,寶島眼鏡,智慧門市會員方案,member,熟客,5307.32,6240.0,0.149,74417.26,1.087,0,402,2677.12,156000.0,True
2025-04-28,寶島眼鏡,日常鏡框,online,親子,3376.23,3744.0,0.098,45268.12,0.892,0,284,1608.91,93600.0,True
2025-05-05,寶島眼鏡,機能鏡片,store,親子,4023.79,4576.0,0.121,34638.45,1.141,0,234,1815.29,114400.0,True
2025-05-12,寶島眼鏡,親子視覺健康,event,親子,4893.2,5408.0,0.095,67247.58,0.978,0,335,2372.27,135200.0,True
2025-05-19,寶島眼鏡,智慧門市會員方案,member,親子,6213.93,6240.0,0.004,81791.17,0.886,0,387,2681.04,156000.0,True
2025-05-26,寶島眼鏡,日常鏡框,online,年輕族群,3744.0,3744.0,0.0,47481.31,1.018,0,262,1641.58,93600.0,True
2025-06-02,寶島眼鏡,機能鏡片,store,年輕族群,4132.26,4576.0,0.097,39072.26,0.979,0,230,2000.02,114400.0,True
2025-06-09,寶島眼鏡,親子視覺健康,event,年輕族群,5075.82,5408.0,0.061,48461.27,0.894,0,275,2345.18,135200.0,True
2025-06-16,寶島眼鏡,智慧門市會員方案,member,年輕族群,5841.44,6240.0,0.064,83194.98,1.029,0,383,2739.12,156000.0,True
2025-06-23,寶島眼鏡,日常鏡框,online,新客,2969.63,3744.0,0.207,36248.07,1.22,0,262,1669.27,93600.0,True
2025-06-30,寶島眼鏡,機能鏡片,store,新客,3693.9,4576.0,0.193,33278.03,0.905,0,286,1937.36,114400.0,True
2025-07-07,寶島眼鏡,親子視覺健康,event,新客,5127.99,5408.0,0.052,54590.91,0.891,1,298,2374.57,135200.0,True
2025-07-14,寶島眼鏡,智慧門市會員方案,member,新客,5900.12,6240.0,0.054,87355.54,0.881,1,397,2813.12,156000.0,True
2025-07-21,寶島眼鏡,日常鏡框,online,熟客,3744.0,3744.0,0.0,38279.29,0.916,1,251,1655.48,93600.0,True
2025-07-28,寶島眼鏡,機能鏡片,store,熟客,3620.0,4576.0,0.209,51336.76,0.948,1,346,1888.45,114400.0,True
2025-08-04,寶島眼鏡,親子視覺健康,event,熟客,5122.1,5408.0,0.053,69131.17,1.088,1,338,2401.21,135200.0,True
2025-08-11,寶島眼鏡,智慧門市會員方案,member,熟客,5283.22,6240.0,0.153,80821.08,1.032,1,444,2674.06,156000.0,True
2025-08-18,寶島眼鏡,日常鏡框,online,親子,3166.16,3744.0,0.154,33921.94,0.814,1,306,1622.1,93600.0,True
2025-08-25,寶島眼鏡,機能鏡片,store,親子,3606.53,4576.0,0.212,52537.07,0.872,1,369,2022.92,114400.0,True
2025-09-01,寶島眼鏡,親子視覺健康,event,親子,4782.53,5408.0,0.116,60764.17,0.909,0,347,2295.3,135200.0,True
2025-09-08,寶島眼鏡,智慧門市會員方案,member,親子,6240.0,6240.0,0.0,87008.1,0.939,0,388,2759.52,156000.0,True
2025-09-15,寶島眼鏡,日常鏡框,online,年輕族群,3676.31,3744.0,0.018,39749.63,0.961,0,263,1596.71,93600.0,True
2025-09-22,寶島眼鏡,機能鏡片,store,年輕族群,4576.0,4576.0,0.0,56571.97,1.032,0,263,2012.08,114400.0,True
2025-09-29,寶島眼鏡,親子視覺健康,event,年輕族群,4276.1,5408.0,0.209,51658.54,0.964,0,344,2402.12,135200.0,True
2025-10-06,寶島眼鏡,智慧門市會員方案,member,年輕族群,4975.83,6240.0,0.203,76933.0,0.953,0,439,2645.06,156000.0,True
2025-01-06,寶島眼鏡,日常鏡框,online,新客,2980.35,3744.0,0.204,31168.83,1.074,0,270,1540.36,93600.0,True
2025-01-13,寶島眼鏡,機能鏡片,store,新客,4118.66,4576.0,0.1,49114.93,0.822,0,300,1978.63,114400.0,True
2025-01-20,寶島眼鏡,親子視覺健康,event,新客,5207.89,5408.0,0.037,63610.82,0.916,0,310,2278.39,135200.0,True
2025-01-27,寶島眼鏡,智慧門市會員方案,member,新客,5065.65,6240.0,0.188,69989.33,0.941,0,413,2696.59,156000.0,True
2025-02-03,寶島眼鏡,日常鏡框,online,熟客,3194.1,3744.0,0.147,44457.72,1.015,1,323,1619.08,93600.0,True
2025-02-10,寶島眼鏡,機能鏡片,store,熟客,3660.3,4576.0,0.2,50029.38,0.865,1,346,1963.83,114400.0,True
2025-02-17,寶島眼鏡,親子視覺健康,event,熟客,4609.6,5408.0,0.148,51664.66,1.064,1,348,2413.37,135200.0,True
2025-02-24,寶島眼鏡,智慧門市會員方案,member,熟客,5942.23,6240.0,0.048,81446.03,1.138,1,384,2584.33,156000.0,True
2025-03-03,寶島眼鏡,日常鏡框,online,親子,2957.73,3744.0,0.21,30422.06,0.911,0,289,1608.3,93600.0,True
2025-03-10,寶島眼鏡,機能鏡片,store,親子,4576.0,4576.0,0.0,61561.11,0.918,0,334,1961.88,114400.0,True
2025-03-17,寶島眼鏡,親子視覺健康,event,親子,4625.58,5408.0,0.145,71960.76,0.963,0,363,2305.11,135200.0,True
2025-03-24,寶島眼鏡,智慧門市會員方案,member,親子,5285.49,6240.0,0.153,79139.76,0.971,0,389,2729.14,156000.0,True
2025-03-31,寶島眼鏡,日常鏡框,online,年輕族群,3010.66,3744.0,0.196,35383.25,0.979,0,300,1630.16,93600.0,True
2025-04-07,寶島眼鏡,機能鏡片,store,年輕族群,4576.0,4576.0,0.0,50783.98,1.027,0,306,2057.49,114400.0,True
2025-04-14,寶島眼鏡,親子視覺健康,event,年輕族群,5147.25,5408.0,0.048,52785.0,0.972,0,312,2301.91,135200.0,True
2025-04-21,寶島眼鏡,智慧門市會員方案,member,年輕族群,5914.29,6240.0,0.052,84291.27,0.919,0,385,2721.3,156000.0,True
2025-04-28,寶島眼鏡,日常鏡框,online,新客,3744.0,3744.0,0.0,36148.15,0.949,0,210,1627.65,93600.0,True
2025-05-05,寶島眼鏡,機能鏡片,store,新客,4145.35,4576.0,0.094,34186.01,0.821,0,244,1944.91,114400.0,True
2025-05-12,寶島眼鏡,親子視覺健康,event,新客,5203.5,5408.0,0.038,58008.1,0.874,0,279,2396.05,135200.0,True
2025-05-19,寶島眼鏡,智慧門市會員方案,member,新客,5435.38,6240.0,0.129,80419.06,0.946,0,399,2698.45,156000.0,True
2025-05-26,寶島眼鏡,日常鏡框,online,熟客,3381.28,3744.0,0.097,37288.76,0.885,0,263,1592.72,93600.0,True
2025-06-02,寶島眼鏡,機能鏡片,store,熟客,4554.6,4576.0,0.005,49227.91,0.958,0,258,1877.31,114400.0,True
2025-06-09,寶島眼鏡,親子視覺健康,event,熟客,4275.66,5408.0,0.209,63229.74,0.966,0,361,2263.65,135200.0,True
2025-06-16,寶島眼鏡,智慧門市會員方案,member,熟客,5036.38,6240.0,0.193,73293.97,0.936,0,424,2662.05,156000.0,True
2025-06-23,寶島眼鏡,日常鏡框,online,親子,2970.99,3744.0,0.206,23406.37,0.982,0,232,1575.0,93600.0,True
2025-06-30,寶島眼鏡,機能鏡片,store,親子,3911.24,4576.0,0.145,54511.18,1.037,0,299,2022.61,114400.0,True
2025-07-07,寶島眼鏡,親子視覺健康,event,親子,4832.33,5408.0,0.106,56344.94,0.94,1,349,2307.23,135200.0,True
2025-07-14,寶島眼鏡,智慧門市會員方案,member,親子,5631.42,6240.0,0.098,70948.1,0.845,1,418,2655.86,156000.0,True
2025-07-21,寶島眼鏡,日常鏡框,online,年輕族群,3154.45,3744.0,0.157,31523.29,0.994,1,316,1659.12,93600.0,True
2025-07-28,寶島眼鏡,機能鏡片,store,年輕族群,4364.22,4576.0,0.046,48854.53,1.017,1,261,1891.36,114400.0,True
2025-08-04,寶島眼鏡,親子視覺健康,event,年輕族群,5408.0,5408.0,0.0,65255.42,0.953,1,306,2281.2,135200.0,True
2025-08-11,寶島眼鏡,智慧門市會員方案,member,年輕族群,5517.71,6240.0,0.116,70399.75,0.911,1,379,2724.54,156000.0,True
2025-08-18,寶島眼鏡,日常鏡框,online,新客,3539.29,3744.0,0.055,28970.24,0.868,1,269,1622.1,93600.0,True
2025-08-25,寶島眼鏡,機能鏡片,store,新客,4087.09,4576.0,0.107,35603.85,0.966,1,249,1991.02,114400.0,True
2025-09-01,寶島眼鏡,親子視覺健康,event,新客,5167.1,5408.0,0.045,64543.11,0.927,0,360,2218.81,135200.0,True
2025-09-08,寶島眼鏡,智慧門市會員方案,member,新客,5184.18,6240.0,0.169,87176.71,1.037,0,445,2669.61,156000.0,True
2025-09-15,寶島眼鏡,日常鏡框,online,熟客,3357.27,3744.0,0.103,40846.24,0.986,0,282,1655.73,93600.0,True
2025-09-22,寶島眼鏡,機能鏡片,store,熟客,4576.0,4576.0,0.0,54192.69,0.98,0,278,1983.91,114400.0,True
2025-09-29,寶島眼鏡,親子視覺健康,event,熟客,5408.0,5408.0,0.0,60007.28,1.102,0,278,2331.89,135200.0,True
2025-10-06,寶島眼鏡,智慧門市會員方案,member,熟客,5009.87,6240.0,0.197,83368.61,1.03,0,454,2770.16,156000.0,True
2025-01-06,寶島眼鏡,日常鏡框,online,親子,3241.68,3744.0,0.134,29420.77,0.962,0,256,1559.12,93600.0,True
2025-01-13,寶島眼鏡,機能鏡片,store,親子,4325.44,4576.0,0.055,43829.7,1.064,0,263,2037.87,114400.0,True
2025-01-20,寶島眼鏡,親子視覺健康,event,親子,4892.92,5408.0,0.095,46967.27,0.975,0,311,2374.9,135200.0,True
2025-01-27,寶島眼鏡,智慧門市會員方案,member,親子,5573.66,6240.0,0.107,74559.49,0.942,0,369,2605.08,156000.0,True
2025-02-03,寶島眼鏡,日常鏡框,online,年輕族群,2994.72,3744.0,0.2,37839.92,1.02,1,314,1577.95,93600.0,True
2025-02-10,寶島眼鏡,機能鏡片,store,年輕族群,4115.55,4576.0,0.101,39161.89,0.841,1,276,1929.9,114400.0,True
2025-02-17,寶島眼鏡,親子視覺健康,event,年輕族群,4359.93,5408.0,0.194,63006.13,0.976,1,412,2276.76,135200.0,True
2025-02-24,寶島眼鏡,智慧門市會員方案,member,年輕族群,6238.02,6240.0,0.0,87369.96,0.943,1,434,2683.75,156000.0,True
2025-03-03,寶島眼鏡,日常鏡框,online,新客,3413.84,3744.0,0.088,42659.2,0.848,0,274,1590.74,93600.0,True
2025-03-10,寶島眼鏡,機能鏡片,store,新客,3580.73,4576.0,0.217,41782.51,0.802,0,308,2004.93,114400.0,True
2025-03-17,寶島眼鏡,親子視覺健康,event,新客,5187.52,5408.0,0.041,58855.59,0.988,0,300,2433.66,135200.0,True
2025-03-24,寶島眼鏡,智慧門市會員方案,member,新客,6213.2,6240.0,0.004,70183.81,0.931,0,331,2665.36,156000.0,True
2025-03-31,寶島眼鏡,日常鏡框,online,熟客,3636.71,3744.0,0.029,21565.79,1.018,0,215,1631.94,93600.0,True
2025-04-07,寶島眼鏡,機能鏡片,store,熟客,3663.22,4576.0,0.199,46040.38,1.003,0,308,1993.31,114400.0,True
2025-04-14,寶島眼鏡,親子視覺健康,event,熟客,5100.15,5408.0,0.057,57760.12,1.017,0,341,2317.85,135200.0,True
2025-04-21,寶島眼鏡,智慧門市會員方案,member,熟客,5398.96,6240.0,0.135,77508.74,1.024,0,409,2729.23,156000.0,True
2025-04-28,寶島眼鏡,日常鏡框,online,親子,3594.64,3744.0,0.04,38592.03,0.889,0,237,1570.8,93600.0,True
2025-05-05,寶島眼鏡,機能鏡片,store,親子,3667.0,4576.0,0.199,46655.22,0.752,0,314,1977.81,114400.0,True
2025-05-12,寶島眼鏡,親子視覺健康,event,親子,5408.0,5408.0,0.0,69528.19,0.914,0,362,2283.85,135200.0,True
2025-05-19,寶島眼鏡,智慧門市會員方案,member,親子,5236.24,6240.0,0.161,80536.74,0.953,0,451,2692.59,156000.0,True
2025-05-26,寶島眼鏡,日常鏡框,online,年輕族群,3022.98,3744.0,0.193,15485.29,1.016,0,207,1605.26,93600.0,True
2025-06-02,寶島眼鏡,機能鏡片,store,年輕族群,3682.07,4576.0,0.195,66462.29,1.026,0,392,1922.26,114400.0,True
2025-06-09,寶島眼鏡,親子視覺健康,event,年輕族群,4861.93,5408.0,0.101,56583.46,0.954,0,325,2290.16,135200.0,True
2025-06-16,寶島眼鏡,智慧門市會員方案,member,年輕族群,6142.0,6240.0,0.016,93353.01,1.004,0,408,2704.7,156000.0,True
2025-06-23,寶島眼鏡,日常鏡框,online,新客,3408.49,3744.0,0.09,37273.68,0.986,0,259,1646.49,93600.0,True
2025-06-30,寶島眼鏡,機能鏡片,store,新客,3898.63,4576.0,0.148,48484.04,0.929,0,290,1975.02,114400.0,True
2025-07-07,寶島眼鏡,親子視覺健康,event,新客,5408.0,5408.0,0.0,59159.2,0.868,1,283,2302.69,135200.0,True
2025-07-14,寶島眼鏡,智慧門市會員方案,member,新客,5358.94,6240.0,0.141,82290.76,1.006,1,458,2716.37,156000.0,True
2025-07-21,寶島眼鏡,日常鏡框,online,熟客,3257.7,3744.0,0.13,33940.78,0.972,1,266,1500.46,93600.0,True
2025-07-28,寶島眼鏡,機能鏡片,store,熟客,3639.76,4576.0,0.205,39083.7,1.057,1,295,2006.08,114400.0,True
2025-08-04,寶島眼鏡,親子視覺健康,event,熟客,4589.68,5408.0,0.151,57338.05,0.928,1,349,2369.17,135200.0,True
2025-08-11,寶島眼鏡,智慧門市會員方案,member,熟客,6240.0,6240.0,0.0,79344.31,0.998,1,378,2603.57,156000.0,True
2025-08-18,寶島眼鏡,日常鏡框,online,親子,3182.99,3744.0,0.15,,1.083,1,236,1601.94,93600.0,True
2025-08-25,寶島眼鏡,機能鏡片,store,親子,3674.47,4576.0,0.197,47360.45,0.995,1,315,1993.29,114400.0,True
2025-09-01,寶島眼鏡,親子視覺健康,event,親子,5408.0,5408.0,0.0,67477.29,0.886,0,335,2373.09,135200.0,True
2025-09-08,寶島眼鏡,智慧門市會員方案,member,親子,4967.52,6240.0,0.204,69983.73,0.942,0,447,2694.12,156000.0,True
2025-09-15,寶島眼鏡,日常鏡框,online,年輕族群,3024.46,3744.0,0.192,22445.38,1.015,0,232,1609.56,93600.0,True
2025-09-22,寶島眼鏡,機能鏡片,store,年輕族群,3830.22,4576.0,0.163,38332.96,0.894,0,281,1882.15,114400.0,True
2025-09-29,寶島眼鏡,親子視覺健康,event,年輕族群,4872.75,5408.0,0.099,65880.72,0.904,0,355,2329.32,135200.0,True
2025-10-06,寶島眼鏡,智慧門市會員方案,member,年輕族群,6189.99,6240.0,0.008,78469.86,0.989,0,384,2841.77,156000.0,True
2025-01-06,寶島眼鏡,日常鏡框,online,新客,3183.19,3744.0,0.15,26041.79,0.9,0,241,1610.74,93600.0,True
2025-01-13,寶島眼鏡,機能鏡片,store,新客,3889.33,4576.0,0.15,50049.57,0.976,0,310,1945.74,114400.0,True
2025-01-20,寶島眼鏡,親子視覺健康,event,新客,5211.65,5408.0,0.036,57478.77,1.017,0,328,2273.07,135200.0,True
2025-01-27,寶島眼鏡,智慧門市會員方案,member,新客,5560.79,6240.0,0.109,83353.37,0.836,0,418,2728.86,156000.0,True
2025-02-03,寶島眼鏡,日常鏡框,online,熟客,3202.15,3744.0,0.145,30062.03,1.033,1,290,1650.53,93600.0,True
2025-02-10,寶島眼鏡,機能鏡片,store,熟客,4104.45,4576.0,0.103,57017.92,1.044,1,340,1974.72,114400.0,True
2025-02-17,寶島眼鏡,親子視覺健康,event,熟客,4369.31,5408.0,0.192,69986.35,0.888,1,416,2459.59,135200.0,True
2025-02-24,寶島眼鏡,智慧門市會員方案,member,熟客,5679.48,6240.0,0.09,68344.07,0.918,1,343,2780.16,156000.0,True
2025-03-03,寶島眼鏡,日常鏡框,online,親子,3199.77,3744.0,0.145,38054.09,0.999,0,253,1658.31,93600.0,True
2025-03-10,寶島眼鏡,機能鏡片,store,親子,3743.12,4576.0,0.182,41629.01,1.006,0,298,2064.03,114400.0,True
2025-03-17,寶島眼鏡,親子視覺健康,event,親子,4330.33,5408.0,0.199,69338.86,0.861,0,383,2334.44,135200.0,True
2025-03-24,寶島眼鏡,智慧門市會員方案,member,親子,5493.6,6240.0,0.12,88288.77,1.034,0,413,2682.29,156000.0,True
2025-03-31,寶島眼鏡,日常鏡框,online,年輕族群,3219.69,3744.0,0.14,29825.74,0.886,0,265,1631.03,93600.0,True
2025-04-07,寶島眼鏡,機能鏡片,store,年輕族群,4060.93,4576.0,0.113,32439.37,0.902,0,254,1922.97,114400.0,True
2025-04-14,寶島眼鏡,親子視覺健康,event,年輕族群,5408.0,5408.0,0.0,60797.97,0.851,0,287,2280.99,135200.0,True
2025-04-21,寶島眼鏡,智慧門市會員方案,member,年輕族群,5649.91,6240.0,0.095,74887.2,0.85,0,393,2679.09,156000.0,True
2025-04-28,寶島眼鏡,日常鏡框,online,新客,3735.2,3744.0,0.002,30958.67,0.988,0,229,1693.73,93600.0,True
2025-05-05,寶島眼鏡,機能鏡片,store,新客,4576.0,4576.0,0.0,51612.17,0.893,0,311,1987.03,114400.0,True
2025-05-12,寶島眼鏡,親子視覺健康,event,新客,4596.82,5408.0,0.15,58409.89,0.773,0,320,2418.07,135200.0,True
2025-05-19,寶島眼鏡,智慧門市會員方案,member,新客,6240.0,6240.0,0.0,78548.22,0.93,0,325,2648.01,156000.0,True
2025-05-26,寶島眼鏡,日常鏡框,online,熟客,3196.77,3744.0,0.146,29126.71,0.932,0,204,1588.05,93600.0,True
2025-06-02,寶島眼鏡,機能鏡片,store,熟客,4561.03,4576.0,0.003,57762.22,0.862,0,295,2075.0,114400.0,True
2025-06-09,寶島眼鏡,親子視覺健康,event,熟客,4264.5,5408.0,0.211,56840.21,0.968,0,352,2315.9,135200.0,True
2025-06-16,寶島眼鏡,智慧門市會員方案,member,熟客,5581.09,6240.0,0.106,85727.48,0.974,0,393,2844.93,156000.0,True
2025-06-23,寶島眼鏡,日常鏡框,online,親子,2991.67,3744.0,0.201,44174.25,0.956,0,318,1674.07,93600.0,True
2025-06-30,寶島眼鏡,機能鏡片,store,親子,3622.15,4576.0,0.208,50815.23,0.802,0,360,2030.01,114400.0,True
2025-07-07,寶島眼鏡,親子視覺健康,event,親子,5204.74,5408.0,0.038,69245.33,0.941,1,344,2319.06,135200.0,True
2025-07-14,寶島眼鏡,智慧門市會員方案,member,親子,6188.75,6240.0,0.008,79679.55,0.867,1,378,2650.41,156000.0,True
2025-07-21,寶島眼鏡,日常鏡框,online,年輕族群,3721.12,3744.0,0.006,20507.91,0.902,1,215,1628.94,93600.0,True
2025-07-28,寶島眼鏡,機能鏡片,store,年輕族群,4311.35,4576.0,0.058,48976.32,1.046,1,296,1892.55,114400.0,True
2025-08-04,寶島眼鏡,親子視覺健康,event,年輕族群,5035.28,5408.0,0.069,68559.04,0.857,1,382,2258.94,135200.0,True
2025-08-11,寶島眼鏡,智慧門市會員方案,member,年輕族群,6143.73,6240.0,0.015,63387.18,0.909,1,349,2730.88,156000.0,True
2025-08-18,寶島眼鏡,日常鏡框,online,新客,3744.0,3744.0,0.0,37916.98,0.915,1,229,1639.89,93600.0,True
2025-08-25,寶島眼鏡,機能鏡片,store,新客,4111.05,4576.0,0.102,50307.65,1.03,1,322,1962.64,114400.0,True
2025-09-01,寶島眼鏡,親子視覺健康,event,新客,4953.6,5408.0,0.084,67715.73,0.823,0,352,2265.43,135200.0,True
2025-09-08,寶島眼鏡,智慧門市會員方案,member,新客,5244.26,6240.0,0.16,78596.25,0.836,0,436,2814.99,156000.0,True
2025-09-15,寶島眼鏡,日常鏡框,online,熟客,3375.72,3744.0,0.098,31898.63,0.827,0,242,1564.08,93600.0,True
2025-09-22,寶島眼鏡,機能鏡片,store,熟客,4141.44,4576.0,0.095,43713.45,0.951,0,284,2057.39,114400.0,True
2025-09-29,寶島眼鏡,親子視覺健康,event,熟客,5408.0,5408.0,0.0,67567.41,0.95,0,322,2364.11,135200.0,True
2025-10-06,寶島眼鏡,智慧門市會員方案,member,熟客,5333.02,6240.0,0.145,69398.1,0.861,0,376,2607.83,156000.0,True
2025-01-06,寶島眼鏡,日常鏡框,online,親子,3179.27,3744.0,0.151,45806.21,1.041,0,317,1613.76,93600.0,True
2025-01-13,寶島眼鏡,機能鏡片,store,親子,4170.42,4576.0,0.089,57570.75,0.924,0,326,2089.87,114400.0,True
2025-01-20,寶島眼鏡,親子視覺健康,event,親子,4841.22,5408.0,0.105,65537.86,0.893,0,345,2411.96,135200.0,True
2025-01-27,寶島眼鏡,智慧門市會員方案,member,親子,5038.48,6240.0,0.193,82095.14,0.916,0,436,2629.27,156000.0,True
2025-02-03,寶島眼鏡,日常鏡框,online,年輕族群,3744.0,3744.0,0.0,41116.57,0.904,1,263,1565.61,93600.0,True
2025-02-10,寶島眼鏡,機能鏡片,store,年輕族群,3967.84,4576.0,0.133,45871.57,0.966,1,331,1924.97,114400.0,True
2025-02-17,寶島眼鏡,親子視覺健康,event,年輕族群,5408.0,5408.0,0.0,51701.84,0.836,1,306,2369.02,135200.0,True
2025-02-24,寶島眼鏡,智慧門市會員方案,member,年輕族群,6188.69,6240.0,0.008,84817.56,1.006,1,410,2654.86,156000.0,True
2025-03-03,寶島眼鏡,日常鏡框,online,新客,3397.63,3744.0,0.093,23816.03,0.908,0,191,1546.67,93600.0,True
2025-03-10,寶島眼鏡,機能鏡片,store,新客,4069.99,4576.0,0.111,57250.94,0.829,0,307,1907.5,114400.0,True
2025-03-17,寶島眼鏡,親子視覺健康,event,新客,4677.55,5408.0,0.135,61949.64,0.945,0,337,2328.72,135200.0,True
2025-03-24,寶島眼鏡,智慧門市會員方案,member,新客,6240.0,6240.0,0.0,77450.27,0.9,0,337,2761.47,156000.0,True
2025-03-31,寶島眼鏡,日常鏡框,online,熟客,3011.36,3744.0,0.196,33830.98,0.961,0,260,1629.58,93600.0,True
2025-04-07,寶島眼鏡,機能鏡片,store,熟客,3666.52,4576.0,0.199,,0.94,0,339,1938.43,114400.0,True
2025-04-14,寶島眼鏡,親子視覺健康,event,熟客,5169.91,5408.0,0.044,78675.09,0.873,0,365,2318.68,135200.0,True
2025-04-21,寶島眼鏡,智慧門市會員方案,member,熟客,5590.94,6240.0,0.104,79715.67,1.061,0,388,2737.01,156000.0,True
2025-04-28,寶島眼鏡,日常鏡框,online,親子,3449.46,3744.0,0.079,32766.71,0.891,0,245,1596.26,93600.0,True
2025-05-05,寶島眼鏡,機能鏡片,store,親子,4425.08,4576.0,0.033,51554.01,1.06,0,287,2064.91,114400.0,True
2025-05-12,寶島眼鏡,親子視覺健康,event,親子,4586.05,5408.0,0.152,61990.67,1.03,0,336,2291.88,135200.0,True
2025-05-19,寶島眼鏡,智慧門市會員方案,member,親子,5348.72,6240.0,0.143,76801.53,0.801,0,394,2709.97,156000.0,True
2025-05-26,寶島眼鏡,日常鏡框,online,年輕族群,3744.0,3744.0,0.0,35938.76,1.087,0,233,1576.28,93600.0,True
2025-06-02,寶島眼鏡,機能鏡片,store,年輕族群,4249.28,4576.0,0.071,44861.61,0.928,0,278,1953.44,114400.0,True
2025-06-09,寶島眼鏡,親子視覺健康,event,年輕族群,4618.84,5408.0,0.146,74176.85,0.815,0,409,2326.7,135200.0,True
2025-06-16,寶島眼鏡,智慧門市會員方案,member,年輕族群,5630.25,6240.0,0.098,82695.41,1.032,0,412,2715.9,156000.0,True
2025-06-23,寶島眼鏡,日常鏡框,online,新客,3245.49,3744.0,0.133,39490.43,0.924,0,269,1614.66,93600.0,True
2025-06-30,寶島眼鏡,機能鏡片,store,新客,4295.72,4576.0,0.061,51906.75,0.916,0,281,1853.96,114400.0,True
2025-07-07,寶島眼鏡,親子視覺健康,event,新客,5121.53,5408.0,0.053,63196.88,0.997,1,362,2296.23,135200.0,True
2025-07-14,寶島眼鏡,智慧門市會員方案,member,新客,6148.74,6240.0,0.015,84283.86,1.066,1,385,2707.34,156000.0,True
2025-07-21,寶島眼鏡,日常鏡框,online,熟客,3744.0,3744.0,0.0,29211.55,1.014,1,194,1609.08,93600.0,True
2025-07-28,寶島眼鏡,機能鏡片,store,熟客,3922.37,4576.0,0.143,51174.41,0.936,1,309,2004.84,114400.0,True
2025-08-04,寶島眼鏡,親子視覺健康,event,熟客,4584.92,5408.0,0.152,62078.5,0.961,1,369,2317.42,135200.0,True
2025-08-11,寶島眼鏡,智慧門市會員方案,member,熟客,4981.61,6240.0,0.202,90991.31,0.949,1,506,2717.08,156000.0,True
2025-08-18,寶島眼鏡,日常鏡框,online,親子,3588.69,3744.0,0.041,37494.93,1.053,1,277,1598.36,93600.0,True
2025-08-25,寶島眼鏡,機能鏡片,store,親子,4367.32,4576.0,0.046,59213.57,0.957,1,313,1936.03,114400.0,True
2025-09-01,寶島眼鏡,親子視覺健康,event,親子,4810.24,5408.0,0.111,67593.01,0.874,0,351,2356.01,135200.0,True
2025-09-08,寶島眼鏡,智慧門市會員方案,member,親子,5288.65,6240.0,0.152,77748.22,0.989,0,392,2702.22,156000.0,True
2025-09-15,寶島眼鏡,日常鏡框,online,年輕族群,3121.27,3744.0,0.166,17781.45,0.884,0,221,1595.13,93600.0,True
2025-09-22,寶島眼鏡,機能鏡片,store,年輕族群,4291.32,4576.0,0.062,43223.02,1.0,0,270,1902.02,114400.0,True
2025-09-29,寶島眼鏡,親子視覺健康,event,年輕族群,5171.27,5408.0,0.044,59491.08,1.151,0,281,2384.27,135200.0,True
2025-10-06,寶島眼鏡,智慧門市會員方案,member,年輕族群,5257.38,6240.0,0.157,69495.16,0.984,0,383,2484.28,156000.0,True
